"user_id","game_name","month","total_rev","prev_paid_month","prev_paid_rev","next_paid_month","prev_cal_month","next_cal_month","new_mrr","expansion_mrr","contraction_mrr","back_from_churn_mrr","churn_mrr","churn_month","language","has_older_device_model","age"
"06RPvlsFPCmM9ag+iSM/Ag==",game 3,2022-04-01,12.03,,,2022-05-01,2022-03-01,2022-05-01,12.03,,,,,,ru,false,34
"06RPvlsFPCmM9ag+iSM/Ag==",game 3,2022-05-01,28.32,2022-04-01,12.03,2022-06-01,2022-04-01,2022-06-01,,16.29,,,,,ru,false,34
"06RPvlsFPCmM9ag+iSM/Ag==",game 3,2022-06-01,29.07,2022-05-01,28.32,2022-07-01,2022-05-01,2022-07-01,,0.75,,,,,ru,false,34
"06RPvlsFPCmM9ag+iSM/Ag==",game 3,2022-07-01,25.23,2022-06-01,29.07,2022-08-01,2022-06-01,2022-08-01,,,3.84,,,,ru,false,34
"06RPvlsFPCmM9ag+iSM/Ag==",game 3,2022-08-01,18.9,2022-07-01,25.23,2022-09-01,2022-07-01,2022-09-01,,,6.33,,,,ru,false,34
"06RPvlsFPCmM9ag+iSM/Ag==",game 3,2022-09-01,48.72,2022-08-01,18.9,2022-10-01,2022-08-01,2022-10-01,,29.82,,,,,ru,false,34
"06RPvlsFPCmM9ag+iSM/Ag==",game 3,2022-10-01,25.74,2022-09-01,48.72,2022-11-01,2022-09-01,2022-11-01,,,22.98,,,,ru,false,34
"06RPvlsFPCmM9ag+iSM/Ag==",game 3,2022-11-01,39.78,2022-10-01,25.74,,2022-10-01,2022-12-01,,14.04,,,39.78,2022-12-01,ru,false,34
"0A5RkQrm+GBgG7KSFk/xhw==",game 3,2022-05-01,13.8,,,2022-06-01,2022-04-01,2022-06-01,13.8,,,,,,uk,false,31
"0A5RkQrm+GBgG7KSFk/xhw==",game 3,2022-06-01,48.21,2022-05-01,13.8,2022-07-01,2022-05-01,2022-07-01,,34.41,,,,,uk,false,31
"0A5RkQrm+GBgG7KSFk/xhw==",game 3,2022-07-01,52.77,2022-06-01,48.21,2022-08-01,2022-06-01,2022-08-01,,4.56,,,,,uk,false,31
"0A5RkQrm+GBgG7KSFk/xhw==",game 3,2022-08-01,40.83,2022-07-01,52.77,2022-09-01,2022-07-01,2022-09-01,,,11.94,,,,uk,false,31
"0A5RkQrm+GBgG7KSFk/xhw==",game 3,2022-09-01,35.49,2022-08-01,40.83,2022-10-01,2022-08-01,2022-10-01,,,5.34,,,,uk,false,31
"0A5RkQrm+GBgG7KSFk/xhw==",game 3,2022-10-01,35.73,2022-09-01,35.49,2022-11-01,2022-09-01,2022-11-01,,0.24,,,,,uk,false,31
"0A5RkQrm+GBgG7KSFk/xhw==",game 3,2022-11-01,72.93,2022-10-01,35.73,,2022-10-01,2022-12-01,,37.20,,,72.93,2022-12-01,uk,false,31
"0afix9qVNfU3GJY1n0QGkw==",game 3,2022-09-01,32.28,,,2022-10-01,2022-08-01,2022-10-01,32.28,,,,,,uk,false,25
"0afix9qVNfU3GJY1n0QGkw==",game 3,2022-10-01,13.23,2022-09-01,32.28,,2022-09-01,2022-11-01,,,19.05,,13.23,2022-11-01,uk,false,25
"0dJXy70SFjxVR6YgOPZzMQ==",game 3,2022-11-01,17.19,,,,2022-10-01,2022-12-01,17.19,,,,17.19,2022-12-01,uk,false,27
"14RMzQMoG017OLkaDBFjng==",game 3,2022-07-01,14.43,,,2022-11-01,2022-06-01,2022-08-01,14.43,,,,14.43,2022-08-01,uk,false,36
"14RMzQMoG017OLkaDBFjng==",game 3,2022-11-01,12.75,2022-07-01,14.43,,2022-10-01,2022-12-01,,,,12.75,12.75,2022-12-01,uk,false,36
"1BBMagZRq/39AV1l2rm4Iw==",game 3,2022-08-01,89.04,,,2022-09-01,2022-07-01,2022-09-01,89.04,,,,,,ru,false,23
"1BBMagZRq/39AV1l2rm4Iw==",game 3,2022-09-01,34.8,2022-08-01,89.04,2022-10-01,2022-08-01,2022-10-01,,,54.24,,,,ru,false,23
"1BBMagZRq/39AV1l2rm4Iw==",game 3,2022-10-01,55.80,2022-09-01,34.8,2022-11-01,2022-09-01,2022-11-01,,21.00,,,,,ru,false,23
"1BBMagZRq/39AV1l2rm4Iw==",game 3,2022-11-01,148.14,2022-10-01,55.80,,2022-10-01,2022-12-01,,92.34,,,148.14,2022-12-01,ru,false,23
"1dvc3uv3gFy83YY5oJeFkQ==",game 3,2022-08-01,45.93,,,,2022-07-01,2022-09-01,45.93,,,,45.93,2022-09-01,uk,false,17
"1jx1AjqUwE9sbCyafQnUNQ==",game 3,2022-06-01,56.13,,,2022-07-01,2022-05-01,2022-07-01,56.13,,,,,,ru,false,25
"1jx1AjqUwE9sbCyafQnUNQ==",game 3,2022-07-01,16.29,2022-06-01,56.13,2022-08-01,2022-06-01,2022-08-01,,,39.84,,,,ru,false,25
"1jx1AjqUwE9sbCyafQnUNQ==",game 3,2022-08-01,21.18,2022-07-01,16.29,2022-09-01,2022-07-01,2022-09-01,,4.89,,,,,ru,false,25
"1jx1AjqUwE9sbCyafQnUNQ==",game 3,2022-09-01,13.71,2022-08-01,21.18,2022-10-01,2022-08-01,2022-10-01,,,7.47,,,,ru,false,25
"1jx1AjqUwE9sbCyafQnUNQ==",game 3,2022-10-01,46.98,2022-09-01,13.71,2022-11-01,2022-09-01,2022-11-01,,33.27,,,,,ru,false,25
"1jx1AjqUwE9sbCyafQnUNQ==",game 3,2022-11-01,20.13,2022-10-01,46.98,2022-12-01,2022-10-01,2022-12-01,,,26.85,,,,ru,false,25
"1jx1AjqUwE9sbCyafQnUNQ==",game 3,2022-12-01,38.37,2022-11-01,20.13,,2022-11-01,2023-01-01,,18.24,,,38.37,2023-01-01,ru,false,25
"1KzlDBp5hORL7Y5PBaB+0g==",game 3,2022-09-01,58.20,,,2022-10-01,2022-08-01,2022-10-01,58.20,,,,,,uk,false,22
"1KzlDBp5hORL7Y5PBaB+0g==",game 3,2022-10-01,77.19,2022-09-01,58.20,2022-11-01,2022-09-01,2022-11-01,,18.99,,,,,uk,false,22
"1KzlDBp5hORL7Y5PBaB+0g==",game 3,2022-11-01,63.27,2022-10-01,77.19,2022-12-01,2022-10-01,2022-12-01,,,13.92,,,,uk,false,22
"1KzlDBp5hORL7Y5PBaB+0g==",game 3,2022-12-01,21.72,2022-11-01,63.27,,2022-11-01,2023-01-01,,,41.55,,21.72,2023-01-01,uk,false,22
"1tIsLi6U0zW1RIuaViNanA==",game 3,2022-09-01,33.36,,,2022-10-01,2022-08-01,2022-10-01,33.36,,,,,,uk,false,20
"1tIsLi6U0zW1RIuaViNanA==",game 3,2022-10-01,29.25,2022-09-01,33.36,2022-11-01,2022-09-01,2022-11-01,,,4.11,,,,uk,false,20
"1tIsLi6U0zW1RIuaViNanA==",game 3,2022-11-01,18.15,2022-10-01,29.25,2022-12-01,2022-10-01,2022-12-01,,,11.10,,,,uk,false,20
"1tIsLi6U0zW1RIuaViNanA==",game 3,2022-12-01,69.48,2022-11-01,18.15,,2022-11-01,2023-01-01,,51.33,,,69.48,2023-01-01,uk,false,20
"29qvbD06oXdmg5G7X/Wigw==",game 3,2022-12-01,24.51,,,,2022-11-01,2023-01-01,24.51,,,,24.51,2023-01-01,uk,false,17
"2be8IOVjt9pzDDEVqZwIKQ==",game 3,2022-10-01,27.0,,,2022-12-01,2022-09-01,2022-11-01,27.0,,,,27.0,2022-11-01,ru,false,25
"2be8IOVjt9pzDDEVqZwIKQ==",game 3,2022-12-01,69.96,2022-10-01,27.0,,2022-11-01,2023-01-01,,,,69.96,69.96,2023-01-01,ru,false,25
"2FYEYdoJMUOtbJ6TruruWA==",game 3,2022-04-01,56.85,,,2022-05-01,2022-03-01,2022-05-01,56.85,,,,,,ru,false,20
"2FYEYdoJMUOtbJ6TruruWA==",game 3,2022-05-01,30.33,2022-04-01,56.85,2022-06-01,2022-04-01,2022-06-01,,,26.52,,,,ru,false,20
"2FYEYdoJMUOtbJ6TruruWA==",game 3,2022-06-01,22.47,2022-05-01,30.33,2022-07-01,2022-05-01,2022-07-01,,,7.86,,,,ru,false,20
"2FYEYdoJMUOtbJ6TruruWA==",game 3,2022-07-01,24.84,2022-06-01,22.47,2022-08-01,2022-06-01,2022-08-01,,2.37,,,,,ru,false,20
"2FYEYdoJMUOtbJ6TruruWA==",game 3,2022-08-01,14.19,2022-07-01,24.84,2022-10-01,2022-07-01,2022-09-01,,,10.65,,14.19,2022-09-01,ru,false,20
"2FYEYdoJMUOtbJ6TruruWA==",game 3,2022-10-01,42.84,2022-08-01,14.19,2022-11-01,2022-09-01,2022-11-01,,,,42.84,,,ru,false,20
"2FYEYdoJMUOtbJ6TruruWA==",game 3,2022-11-01,29.13,2022-10-01,42.84,2022-12-01,2022-10-01,2022-12-01,,,13.71,,,,ru,false,20
"2FYEYdoJMUOtbJ6TruruWA==",game 3,2022-12-01,14.13,2022-11-01,29.13,,2022-11-01,2023-01-01,,,15.00,,14.13,2023-01-01,ru,false,20
"2KL9Q4TKLCcD4cngwhx6Dg==",game 3,2022-09-01,14.04,,,2022-10-01,2022-08-01,2022-10-01,14.04,,,,,,ru,false,18
"2KL9Q4TKLCcD4cngwhx6Dg==",game 3,2022-10-01,56.04,2022-09-01,14.04,2022-11-01,2022-09-01,2022-11-01,,42.00,,,,,ru,false,18
"2KL9Q4TKLCcD4cngwhx6Dg==",game 3,2022-11-01,24.84,2022-10-01,56.04,,2022-10-01,2022-12-01,,,31.20,,24.84,2022-12-01,ru,false,18
"2onLVyXEEj2aH+D4N9ldYQ==",game 3,2022-08-01,50.04,,,2022-10-01,2022-07-01,2022-09-01,50.04,,,,50.04,2022-09-01,uk,false,16
"2onLVyXEEj2aH+D4N9ldYQ==",game 3,2022-10-01,42.72,2022-08-01,50.04,2022-11-01,2022-09-01,2022-11-01,,,,42.72,,,uk,false,16
"2onLVyXEEj2aH+D4N9ldYQ==",game 3,2022-11-01,22.68,2022-10-01,42.72,2022-12-01,2022-10-01,2022-12-01,,,20.04,,,,uk,false,16
"2onLVyXEEj2aH+D4N9ldYQ==",game 3,2022-12-01,106.38,2022-11-01,22.68,,2022-11-01,2023-01-01,,83.70,,,106.38,2023-01-01,uk,false,16
"2Tm77AxZ7h7oCNKgCgMpnQ==",game 3,2022-04-01,54.96,,,2022-05-01,2022-03-01,2022-05-01,54.96,,,,,,uk,false,23
"2Tm77AxZ7h7oCNKgCgMpnQ==",game 3,2022-05-01,72.06,2022-04-01,54.96,2022-06-01,2022-04-01,2022-06-01,,17.10,,,,,uk,false,23
"2Tm77AxZ7h7oCNKgCgMpnQ==",game 3,2022-06-01,25.35,2022-05-01,72.06,2022-07-01,2022-05-01,2022-07-01,,,46.71,,,,uk,false,23
"2Tm77AxZ7h7oCNKgCgMpnQ==",game 3,2022-07-01,38.10,2022-06-01,25.35,2022-09-01,2022-06-01,2022-08-01,,12.75,,,38.10,2022-08-01,uk,false,23
"2Tm77AxZ7h7oCNKgCgMpnQ==",game 3,2022-09-01,12.12,2022-07-01,38.10,2022-10-01,2022-08-01,2022-10-01,,,,12.12,,,uk,false,23
"2Tm77AxZ7h7oCNKgCgMpnQ==",game 3,2022-10-01,21.87,2022-09-01,12.12,2022-11-01,2022-09-01,2022-11-01,,9.75,,,,,uk,false,23
"2Tm77AxZ7h7oCNKgCgMpnQ==",game 3,2022-11-01,15.99,2022-10-01,21.87,,2022-10-01,2022-12-01,,,5.88,,15.99,2022-12-01,uk,false,23
"3iITAz/ADjFv3PDTgTjxSg==",game 3,2022-03-01,23.76,,,2022-04-01,2022-02-01,2022-04-01,23.76,,,,,,ru,false,16
"3iITAz/ADjFv3PDTgTjxSg==",game 3,2022-04-01,81.42,2022-03-01,23.76,2022-05-01,2022-03-01,2022-05-01,,57.66,,,,,ru,false,16
"3iITAz/ADjFv3PDTgTjxSg==",game 3,2022-05-01,15.69,2022-04-01,81.42,2022-06-01,2022-04-01,2022-06-01,,,65.73,,,,ru,false,16
"3iITAz/ADjFv3PDTgTjxSg==",game 3,2022-06-01,34.35,2022-05-01,15.69,2022-07-01,2022-05-01,2022-07-01,,18.66,,,,,ru,false,16
"3iITAz/ADjFv3PDTgTjxSg==",game 3,2022-07-01,50.58,2022-06-01,34.35,2022-08-01,2022-06-01,2022-08-01,,16.23,,,,,ru,false,16
"3iITAz/ADjFv3PDTgTjxSg==",game 3,2022-08-01,97.08,2022-07-01,50.58,2022-09-01,2022-07-01,2022-09-01,,46.50,,,,,ru,false,16
"3iITAz/ADjFv3PDTgTjxSg==",game 3,2022-09-01,18.72,2022-08-01,97.08,,2022-08-01,2022-10-01,,,78.36,,18.72,2022-10-01,ru,false,16
"3KHhqZr7/1n2+bTP13WuXA==",game 3,2022-06-01,74.85,,,2022-08-01,2022-05-01,2022-07-01,74.85,,,,74.85,2022-07-01,uk,false,16
"3KHhqZr7/1n2+bTP13WuXA==",game 3,2022-08-01,20.19,2022-06-01,74.85,2022-09-01,2022-07-01,2022-09-01,,,,20.19,,,uk,false,16
"3KHhqZr7/1n2+bTP13WuXA==",game 3,2022-09-01,48.27,2022-08-01,20.19,2022-10-01,2022-08-01,2022-10-01,,28.08,,,,,uk,false,16
"3KHhqZr7/1n2+bTP13WuXA==",game 3,2022-10-01,29.22,2022-09-01,48.27,,2022-09-01,2022-11-01,,,19.05,,29.22,2022-11-01,uk,false,16
"3KSfEl7FcP/+5FSUNXs5Aw==",game 3,2022-10-01,23.31,,,,2022-09-01,2022-11-01,23.31,,,,23.31,2022-11-01,ru,false,28
"3OXz+Ar2gN+zfGLZTRCVMQ==",game 3,2022-12-01,18.9,,,,2022-11-01,2023-01-01,18.9,,,,18.9,2023-01-01,uk,false,16
"3rCdNEPkh3vwmYB0BVadEw==",game 3,2022-05-01,22.86,,,2022-07-01,2022-04-01,2022-06-01,22.86,,,,22.86,2022-06-01,ru,false,27
"3rCdNEPkh3vwmYB0BVadEw==",game 3,2022-07-01,21.87,2022-05-01,22.86,2022-08-01,2022-06-01,2022-08-01,,,,21.87,,,ru,false,27
"3rCdNEPkh3vwmYB0BVadEw==",game 3,2022-08-01,17.34,2022-07-01,21.87,,2022-07-01,2022-09-01,,,4.53,,17.34,2022-09-01,ru,false,27
"3TfpxDVNF0T+g4S60EOCBw==",game 3,2022-11-01,15.27,,,,2022-10-01,2022-12-01,15.27,,,,15.27,2022-12-01,uk,false,28
"3v8rT35Ra6ui/zatnMoTIw==",game 3,2022-11-01,17.85,,,2022-12-01,2022-10-01,2022-12-01,17.85,,,,,,uk,false,28
"3v8rT35Ra6ui/zatnMoTIw==",game 3,2022-12-01,43.62,2022-11-01,17.85,,2022-11-01,2023-01-01,,25.77,,,43.62,2023-01-01,uk,false,28
"3Whh6FLR1MSfsuHKVdCEYQ==",game 3,2022-04-01,59.67,,,2022-05-01,2022-03-01,2022-05-01,59.67,,,,,,uk,true,21
"3Whh6FLR1MSfsuHKVdCEYQ==",game 3,2022-05-01,12.36,2022-04-01,59.67,2022-06-01,2022-04-01,2022-06-01,,,47.31,,,,uk,true,21
"3Whh6FLR1MSfsuHKVdCEYQ==",game 3,2022-06-01,20.13,2022-05-01,12.36,2022-07-01,2022-05-01,2022-07-01,,7.77,,,,,uk,true,21
"3Whh6FLR1MSfsuHKVdCEYQ==",game 3,2022-07-01,15.78,2022-06-01,20.13,2022-08-01,2022-06-01,2022-08-01,,,4.35,,,,uk,true,21
"3Whh6FLR1MSfsuHKVdCEYQ==",game 3,2022-08-01,17.16,2022-07-01,15.78,2022-09-01,2022-07-01,2022-09-01,,1.38,,,,,uk,true,21
"3Whh6FLR1MSfsuHKVdCEYQ==",game 3,2022-09-01,19.74,2022-08-01,17.16,2022-12-01,2022-08-01,2022-10-01,,2.58,,,19.74,2022-10-01,uk,true,21
"3Whh6FLR1MSfsuHKVdCEYQ==",game 3,2022-12-01,26.73,2022-09-01,19.74,,2022-11-01,2023-01-01,,,,26.73,26.73,2023-01-01,uk,true,21
"3Xuq0acIoGEgw19qflIoog==",game 3,2022-06-01,12.69,,,2022-07-01,2022-05-01,2022-07-01,12.69,,,,,,uk,false,25
"3Xuq0acIoGEgw19qflIoog==",game 3,2022-07-01,41.73,2022-06-01,12.69,2022-08-01,2022-06-01,2022-08-01,,29.04,,,,,uk,false,25
"3Xuq0acIoGEgw19qflIoog==",game 3,2022-08-01,19.86,2022-07-01,41.73,2022-09-01,2022-07-01,2022-09-01,,,21.87,,,,uk,false,25
"3Xuq0acIoGEgw19qflIoog==",game 3,2022-09-01,34.32,2022-08-01,19.86,2022-10-01,2022-08-01,2022-10-01,,14.46,,,,,uk,false,25
"3Xuq0acIoGEgw19qflIoog==",game 3,2022-10-01,30.9,2022-09-01,34.32,,2022-09-01,2022-11-01,,,3.42,,30.9,2022-11-01,uk,false,25
"4b7l8C489HEJirtoe7xtFg==",game 3,2022-03-01,27.15,,,2022-04-01,2022-02-01,2022-04-01,27.15,,,,,,uk,true,20
"4b7l8C489HEJirtoe7xtFg==",game 3,2022-04-01,14.94,2022-03-01,27.15,2022-05-01,2022-03-01,2022-05-01,,,12.21,,,,uk,true,20
"4b7l8C489HEJirtoe7xtFg==",game 3,2022-05-01,26.40,2022-04-01,14.94,2022-06-01,2022-04-01,2022-06-01,,11.46,,,,,uk,true,20
"4b7l8C489HEJirtoe7xtFg==",game 3,2022-06-01,22.83,2022-05-01,26.40,2022-07-01,2022-05-01,2022-07-01,,,3.57,,,,uk,true,20
"4b7l8C489HEJirtoe7xtFg==",game 3,2022-07-01,89.28,2022-06-01,22.83,2022-08-01,2022-06-01,2022-08-01,,66.45,,,,,uk,true,20
"4b7l8C489HEJirtoe7xtFg==",game 3,2022-08-01,16.56,2022-07-01,89.28,2022-09-01,2022-07-01,2022-09-01,,,72.72,,,,uk,true,20
"4b7l8C489HEJirtoe7xtFg==",game 3,2022-09-01,18.24,2022-08-01,16.56,2022-11-01,2022-08-01,2022-10-01,,1.68,,,18.24,2022-10-01,uk,true,20
"4b7l8C489HEJirtoe7xtFg==",game 3,2022-11-01,31.26,2022-09-01,18.24,2022-12-01,2022-10-01,2022-12-01,,,,31.26,,,uk,true,20
"4b7l8C489HEJirtoe7xtFg==",game 3,2022-12-01,21.75,2022-11-01,31.26,,2022-11-01,2023-01-01,,,9.51,,21.75,2023-01-01,uk,true,20
"4btLP2zvi8eBV0t08fdkKQ==",game 3,2022-03-01,17.79,,,2022-04-01,2022-02-01,2022-04-01,17.79,,,,,,ru,false,20
"4btLP2zvi8eBV0t08fdkKQ==",game 3,2022-04-01,125.97,2022-03-01,17.79,2022-05-01,2022-03-01,2022-05-01,,108.18,,,,,ru,false,20
"4btLP2zvi8eBV0t08fdkKQ==",game 3,2022-05-01,91.68,2022-04-01,125.97,2022-06-01,2022-04-01,2022-06-01,,,34.29,,,,ru,false,20
"4btLP2zvi8eBV0t08fdkKQ==",game 3,2022-06-01,27.87,2022-05-01,91.68,2022-07-01,2022-05-01,2022-07-01,,,63.81,,,,ru,false,20
"4btLP2zvi8eBV0t08fdkKQ==",game 3,2022-07-01,40.71,2022-06-01,27.87,2022-08-01,2022-06-01,2022-08-01,,12.84,,,,,ru,false,20
"4btLP2zvi8eBV0t08fdkKQ==",game 3,2022-08-01,47.91,2022-07-01,40.71,2022-09-01,2022-07-01,2022-09-01,,7.20,,,,,ru,false,20
"4btLP2zvi8eBV0t08fdkKQ==",game 3,2022-09-01,23.34,2022-08-01,47.91,2022-12-01,2022-08-01,2022-10-01,,,24.57,,23.34,2022-10-01,ru,false,20
"4btLP2zvi8eBV0t08fdkKQ==",game 3,2022-12-01,92.10,2022-09-01,23.34,,2022-11-01,2023-01-01,,,,92.10,92.10,2023-01-01,ru,false,20
"4EiWC2ewiX2A7i9NuBAefQ==",game 3,2022-09-01,18.69,,,2022-10-01,2022-08-01,2022-10-01,18.69,,,,,,uk,true,18
"4EiWC2ewiX2A7i9NuBAefQ==",game 3,2022-10-01,57.39,2022-09-01,18.69,2022-11-01,2022-09-01,2022-11-01,,38.70,,,,,uk,true,18
"4EiWC2ewiX2A7i9NuBAefQ==",game 3,2022-11-01,29.79,2022-10-01,57.39,,2022-10-01,2022-12-01,,,27.60,,29.79,2022-12-01,uk,true,18
"4oH5e29koOH9zNYW8Kwcsg==",game 3,2022-05-01,12.99,,,2022-07-01,2022-04-01,2022-06-01,12.99,,,,12.99,2022-06-01,uk,false,28
"4oH5e29koOH9zNYW8Kwcsg==",game 3,2022-07-01,18.06,2022-05-01,12.99,2022-08-01,2022-06-01,2022-08-01,,,,18.06,,,uk,false,28
"4oH5e29koOH9zNYW8Kwcsg==",game 3,2022-08-01,12.51,2022-07-01,18.06,,2022-07-01,2022-09-01,,,5.55,,12.51,2022-09-01,uk,false,28
"4pssft0TgDfiQexjbe25lw==",game 3,2022-06-01,14.76,,,2022-07-01,2022-05-01,2022-07-01,14.76,,,,,,ru,false,26
"4pssft0TgDfiQexjbe25lw==",game 3,2022-07-01,14.43,2022-06-01,14.76,2022-08-01,2022-06-01,2022-08-01,,,0.33,,,,ru,false,26
"4pssft0TgDfiQexjbe25lw==",game 3,2022-08-01,59.40,2022-07-01,14.43,2022-11-01,2022-07-01,2022-09-01,,44.97,,,59.40,2022-09-01,ru,false,26
"4pssft0TgDfiQexjbe25lw==",game 3,2022-11-01,37.80,2022-08-01,59.40,,2022-10-01,2022-12-01,,,,37.80,37.80,2022-12-01,ru,false,26
"54ouP7lBhVCeV8ftS1Oj4Q==",game 3,2022-11-01,29.22,,,2022-12-01,2022-10-01,2022-12-01,29.22,,,,,,ru,false,21
"54ouP7lBhVCeV8ftS1Oj4Q==",game 3,2022-12-01,28.23,2022-11-01,29.22,,2022-11-01,2023-01-01,,,0.99,,28.23,2023-01-01,ru,false,21
"5a/eDajN+4bJdigfI5TWoQ==",game 3,2022-07-01,12.87,,,,2022-06-01,2022-08-01,12.87,,,,12.87,2022-08-01,ru,false,17
"5fGaUgWk82R8c6U6A5d9pg==",game 3,2022-12-01,17.28,,,,2022-11-01,2023-01-01,17.28,,,,17.28,2023-01-01,uk,false,31
"5n2VR2SS79K3vJ0/V2A8RQ==",game 3,2022-08-01,47.13,,,2022-09-01,2022-07-01,2022-09-01,47.13,,,,,,ru,false,27
"5n2VR2SS79K3vJ0/V2A8RQ==",game 3,2022-09-01,32.04,2022-08-01,47.13,,2022-08-01,2022-10-01,,,15.09,,32.04,2022-10-01,ru,false,27
"6NexxpTuLaFmuoksJ0l8rg==",game 3,2022-10-01,19.17,,,2022-12-01,2022-09-01,2022-11-01,19.17,,,,19.17,2022-11-01,uk,false,24
"6NexxpTuLaFmuoksJ0l8rg==",game 3,2022-12-01,102.84,2022-10-01,19.17,,2022-11-01,2023-01-01,,,,102.84,102.84,2023-01-01,uk,false,24
"6We7zBO7mVbNxGEl/xPKVg==",game 3,2022-05-01,22.74,,,2022-06-01,2022-04-01,2022-06-01,22.74,,,,,,uk,false,19
"6We7zBO7mVbNxGEl/xPKVg==",game 3,2022-06-01,28.95,2022-05-01,22.74,2022-07-01,2022-05-01,2022-07-01,,6.21,,,,,uk,false,19
"6We7zBO7mVbNxGEl/xPKVg==",game 3,2022-07-01,118.83,2022-06-01,28.95,2022-08-01,2022-06-01,2022-08-01,,89.88,,,,,uk,false,19
"6We7zBO7mVbNxGEl/xPKVg==",game 3,2022-08-01,21.87,2022-07-01,118.83,2022-09-01,2022-07-01,2022-09-01,,,96.96,,,,uk,false,19
"6We7zBO7mVbNxGEl/xPKVg==",game 3,2022-09-01,41.55,2022-08-01,21.87,2022-10-01,2022-08-01,2022-10-01,,19.68,,,,,uk,false,19
"6We7zBO7mVbNxGEl/xPKVg==",game 3,2022-10-01,151.68,2022-09-01,41.55,2022-11-01,2022-09-01,2022-11-01,,110.13,,,,,uk,false,19
"6We7zBO7mVbNxGEl/xPKVg==",game 3,2022-11-01,95.43,2022-10-01,151.68,2022-12-01,2022-10-01,2022-12-01,,,56.25,,,,uk,false,19
"6We7zBO7mVbNxGEl/xPKVg==",game 3,2022-12-01,75.81,2022-11-01,95.43,,2022-11-01,2023-01-01,,,19.62,,75.81,2023-01-01,uk,false,19
/70HXakPPmIGA9K58CIOug==,game 3,2022-10-01,15.48,,,2022-11-01,2022-09-01,2022-11-01,15.48,,,,,,uk,false,18
/70HXakPPmIGA9K58CIOug==,game 3,2022-11-01,12.51,2022-10-01,15.48,,2022-10-01,2022-12-01,,,2.97,,12.51,2022-12-01,uk,false,18
"72brUr/DKItStlTen5pHYg==",game 3,2022-03-01,24.15,,,2022-05-01,2022-02-01,2022-04-01,24.15,,,,24.15,2022-04-01,uk,false,24
"72brUr/DKItStlTen5pHYg==",game 3,2022-05-01,19.92,2022-03-01,24.15,2022-06-01,2022-04-01,2022-06-01,,,,19.92,,,uk,false,24
"72brUr/DKItStlTen5pHYg==",game 3,2022-06-01,86.91,2022-05-01,19.92,2022-07-01,2022-05-01,2022-07-01,,66.99,,,,,uk,false,24
"72brUr/DKItStlTen5pHYg==",game 3,2022-07-01,37.11,2022-06-01,86.91,2022-08-01,2022-06-01,2022-08-01,,,49.80,,,,uk,false,24
"72brUr/DKItStlTen5pHYg==",game 3,2022-08-01,30.63,2022-07-01,37.11,2022-09-01,2022-07-01,2022-09-01,,,6.48,,,,uk,false,24
"72brUr/DKItStlTen5pHYg==",game 3,2022-09-01,18.3,2022-08-01,30.63,2022-10-01,2022-08-01,2022-10-01,,,12.33,,,,uk,false,24
"72brUr/DKItStlTen5pHYg==",game 3,2022-10-01,31.98,2022-09-01,18.3,2022-11-01,2022-09-01,2022-11-01,,13.68,,,,,uk,false,24
"72brUr/DKItStlTen5pHYg==",game 3,2022-11-01,13.56,2022-10-01,31.98,,2022-10-01,2022-12-01,,,18.42,,13.56,2022-12-01,uk,false,24
"75lEf3nSWLSf6GncqhR9gQ==",game 3,2022-03-01,14.1,,,2022-04-01,2022-02-01,2022-04-01,14.1,,,,,,ru,false,22
"75lEf3nSWLSf6GncqhR9gQ==",game 3,2022-04-01,65.97,2022-03-01,14.1,2022-05-01,2022-03-01,2022-05-01,,51.87,,,,,ru,false,22
"75lEf3nSWLSf6GncqhR9gQ==",game 3,2022-05-01,58.26,2022-04-01,65.97,2022-06-01,2022-04-01,2022-06-01,,,7.71,,,,ru,false,22
"75lEf3nSWLSf6GncqhR9gQ==",game 3,2022-06-01,86.85,2022-05-01,58.26,2022-07-01,2022-05-01,2022-07-01,,28.59,,,,,ru,false,22
"75lEf3nSWLSf6GncqhR9gQ==",game 3,2022-07-01,49.23,2022-06-01,86.85,2022-09-01,2022-06-01,2022-08-01,,,37.62,,49.23,2022-08-01,ru,false,22
"75lEf3nSWLSf6GncqhR9gQ==",game 3,2022-09-01,13.8,2022-07-01,49.23,,2022-08-01,2022-10-01,,,,13.8,13.8,2022-10-01,ru,false,22
"787jk0VnxM8/sv/0TkvO6A==",game 3,2022-03-01,48.45,,,2022-04-01,2022-02-01,2022-04-01,48.45,,,,,,uk,false,20
"787jk0VnxM8/sv/0TkvO6A==",game 3,2022-04-01,53.49,2022-03-01,48.45,2022-05-01,2022-03-01,2022-05-01,,5.04,,,,,uk,false,20
"787jk0VnxM8/sv/0TkvO6A==",game 3,2022-05-01,36.75,2022-04-01,53.49,2022-06-01,2022-04-01,2022-06-01,,,16.74,,,,uk,false,20
"787jk0VnxM8/sv/0TkvO6A==",game 3,2022-06-01,97.95,2022-05-01,36.75,2022-07-01,2022-05-01,2022-07-01,,61.20,,,,,uk,false,20
"787jk0VnxM8/sv/0TkvO6A==",game 3,2022-07-01,21.48,2022-06-01,97.95,2022-08-01,2022-06-01,2022-08-01,,,76.47,,,,uk,false,20
"787jk0VnxM8/sv/0TkvO6A==",game 3,2022-08-01,76.29,2022-07-01,21.48,2022-09-01,2022-07-01,2022-09-01,,54.81,,,,,uk,false,20
"787jk0VnxM8/sv/0TkvO6A==",game 3,2022-09-01,50.61,2022-08-01,76.29,2022-10-01,2022-08-01,2022-10-01,,,25.68,,,,uk,false,20
"787jk0VnxM8/sv/0TkvO6A==",game 3,2022-10-01,34.92,2022-09-01,50.61,2022-11-01,2022-09-01,2022-11-01,,,15.69,,,,uk,false,20
"787jk0VnxM8/sv/0TkvO6A==",game 3,2022-11-01,33.30,2022-10-01,34.92,2022-12-01,2022-10-01,2022-12-01,,,1.62,,,,uk,false,20
"787jk0VnxM8/sv/0TkvO6A==",game 3,2022-12-01,17.49,2022-11-01,33.30,,2022-11-01,2023-01-01,,,15.81,,17.49,2023-01-01,uk,false,20
"7BqUeLmbiug63XrWs2+ZQQ==",game 3,2022-07-01,61.41,,,2022-08-01,2022-06-01,2022-08-01,61.41,,,,,,ru,false,15
"7BqUeLmbiug63XrWs2+ZQQ==",game 3,2022-08-01,32.94,2022-07-01,61.41,2022-09-01,2022-07-01,2022-09-01,,,28.47,,,,ru,false,15
"7BqUeLmbiug63XrWs2+ZQQ==",game 3,2022-09-01,14.01,2022-08-01,32.94,2022-10-01,2022-08-01,2022-10-01,,,18.93,,,,ru,false,15
"7BqUeLmbiug63XrWs2+ZQQ==",game 3,2022-10-01,127.08,2022-09-01,14.01,2022-11-01,2022-09-01,2022-11-01,,113.07,,,,,ru,false,15
"7BqUeLmbiug63XrWs2+ZQQ==",game 3,2022-11-01,22.41,2022-10-01,127.08,2022-12-01,2022-10-01,2022-12-01,,,104.67,,,,ru,false,15
"7BqUeLmbiug63XrWs2+ZQQ==",game 3,2022-12-01,27.12,2022-11-01,22.41,,2022-11-01,2023-01-01,,4.71,,,27.12,2023-01-01,ru,false,15
"7Em69vKH6zh6HgArCzG0+w==",game 3,2022-12-01,72.18,,,,2022-11-01,2023-01-01,72.18,,,,72.18,2023-01-01,ru,false,17
"7EPlnA7OQ9MhMx+od6FA9g==",game 3,2022-03-01,158.67,,,2022-04-01,2022-02-01,2022-04-01,158.67,,,,,,ru,false,23
"7EPlnA7OQ9MhMx+od6FA9g==",game 3,2022-04-01,114.15,2022-03-01,158.67,2022-05-01,2022-03-01,2022-05-01,,,44.52,,,,ru,false,23
"7EPlnA7OQ9MhMx+od6FA9g==",game 3,2022-05-01,51.18,2022-04-01,114.15,2022-06-01,2022-04-01,2022-06-01,,,62.97,,,,ru,false,23
"7EPlnA7OQ9MhMx+od6FA9g==",game 3,2022-06-01,12.39,2022-05-01,51.18,2022-08-01,2022-05-01,2022-07-01,,,38.79,,12.39,2022-07-01,ru,false,23
"7EPlnA7OQ9MhMx+od6FA9g==",game 3,2022-08-01,48.18,2022-06-01,12.39,2022-11-01,2022-07-01,2022-09-01,,,,48.18,48.18,2022-09-01,ru,false,23
"7EPlnA7OQ9MhMx+od6FA9g==",game 3,2022-11-01,14.43,2022-08-01,48.18,2022-12-01,2022-10-01,2022-12-01,,,,14.43,,,ru,false,23
"7EPlnA7OQ9MhMx+od6FA9g==",game 3,2022-12-01,41.16,2022-11-01,14.43,,2022-11-01,2023-01-01,,26.73,,,41.16,2023-01-01,ru,false,23
"7ew71UmoMb73L41PM/YL/w==",game 3,2022-05-01,32.10,,,2022-06-01,2022-04-01,2022-06-01,32.10,,,,,,uk,false,17
"7ew71UmoMb73L41PM/YL/w==",game 3,2022-06-01,34.11,2022-05-01,32.10,2022-07-01,2022-05-01,2022-07-01,,2.01,,,,,uk,false,17
"7ew71UmoMb73L41PM/YL/w==",game 3,2022-07-01,40.23,2022-06-01,34.11,2022-08-01,2022-06-01,2022-08-01,,6.12,,,,,uk,false,17
"7ew71UmoMb73L41PM/YL/w==",game 3,2022-08-01,40.74,2022-07-01,40.23,2022-09-01,2022-07-01,2022-09-01,,0.51,,,,,uk,false,17
"7ew71UmoMb73L41PM/YL/w==",game 3,2022-09-01,45.15,2022-08-01,40.74,2022-10-01,2022-08-01,2022-10-01,,4.41,,,,,uk,false,17
"7ew71UmoMb73L41PM/YL/w==",game 3,2022-10-01,13.74,2022-09-01,45.15,2022-11-01,2022-09-01,2022-11-01,,,31.41,,,,uk,false,17
"7ew71UmoMb73L41PM/YL/w==",game 3,2022-11-01,29.76,2022-10-01,13.74,,2022-10-01,2022-12-01,,16.02,,,29.76,2022-12-01,uk,false,17
"7GCGwypiXsxGxetp6/KmnA==",game 3,2022-08-01,30.21,,,2022-09-01,2022-07-01,2022-09-01,30.21,,,,,,uk,false,31
"7GCGwypiXsxGxetp6/KmnA==",game 3,2022-09-01,63.30,2022-08-01,30.21,2022-11-01,2022-08-01,2022-10-01,,33.09,,,63.30,2022-10-01,uk,false,31
"7GCGwypiXsxGxetp6/KmnA==",game 3,2022-11-01,45.00,2022-09-01,63.30,,2022-10-01,2022-12-01,,,,45.00,45.00,2022-12-01,uk,false,31
"7GE5h/3N3lcro3K9T3aujw==",game 3,2022-03-01,38.52,,,2022-04-01,2022-02-01,2022-04-01,38.52,,,,,,ru,false,32
"7GE5h/3N3lcro3K9T3aujw==",game 3,2022-04-01,58.20,2022-03-01,38.52,2022-05-01,2022-03-01,2022-05-01,,19.68,,,,,ru,false,32
"7GE5h/3N3lcro3K9T3aujw==",game 3,2022-05-01,118.95,2022-04-01,58.20,2022-06-01,2022-04-01,2022-06-01,,60.75,,,,,ru,false,32
"7GE5h/3N3lcro3K9T3aujw==",game 3,2022-06-01,144.75,2022-05-01,118.95,2022-07-01,2022-05-01,2022-07-01,,25.80,,,,,ru,false,32
"7GE5h/3N3lcro3K9T3aujw==",game 3,2022-07-01,89.04,2022-06-01,144.75,2022-08-01,2022-06-01,2022-08-01,,,55.71,,,,ru,false,32
"7GE5h/3N3lcro3K9T3aujw==",game 3,2022-08-01,104.70,2022-07-01,89.04,2022-09-01,2022-07-01,2022-09-01,,15.66,,,,,ru,false,32
"7GE5h/3N3lcro3K9T3aujw==",game 3,2022-09-01,90.87,2022-08-01,104.70,2022-10-01,2022-08-01,2022-10-01,,,13.83,,,,ru,false,32
"7GE5h/3N3lcro3K9T3aujw==",game 3,2022-10-01,77.64,2022-09-01,90.87,,2022-09-01,2022-11-01,,,13.23,,77.64,2022-11-01,ru,false,32
"7iS0Md8Z5SFpqNAYOVcs4w==",game 3,2022-12-01,68.64,,,,2022-11-01,2023-01-01,68.64,,,,68.64,2023-01-01,uk,false,18
"7L4SKPGMd33lnSOq6PWyYg==",game 3,2022-12-01,70.14,,,,2022-11-01,2023-01-01,70.14,,,,70.14,2023-01-01,uk,false,30
"7luG+f1d+Ri4AjeMbFR1Xw==",game 3,2022-04-01,16.92,,,2022-09-01,2022-03-01,2022-05-01,16.92,,,,16.92,2022-05-01,uk,false,29
"7luG+f1d+Ri4AjeMbFR1Xw==",game 3,2022-09-01,15.06,2022-04-01,16.92,,2022-08-01,2022-10-01,,,,15.06,15.06,2022-10-01,uk,false,29
"7RkS5ikrXwWByJobMXv2sA==",game 3,2022-10-01,25.89,,,2022-11-01,2022-09-01,2022-11-01,25.89,,,,,,ru,false,21
"7RkS5ikrXwWByJobMXv2sA==",game 3,2022-11-01,87.75,2022-10-01,25.89,2022-12-01,2022-10-01,2022-12-01,,61.86,,,,,ru,false,21
"7RkS5ikrXwWByJobMXv2sA==",game 3,2022-12-01,66.93,2022-11-01,87.75,,2022-11-01,2023-01-01,,,20.82,,66.93,2023-01-01,ru,false,21
"7SeM1pmnTTTXfhI+x3ldng==",game 3,2022-03-01,34.74,,,2022-04-01,2022-02-01,2022-04-01,34.74,,,,,,ru,false,22
"7SeM1pmnTTTXfhI+x3ldng==",game 3,2022-04-01,105.96,2022-03-01,34.74,2022-05-01,2022-03-01,2022-05-01,,71.22,,,,,ru,false,22
"7SeM1pmnTTTXfhI+x3ldng==",game 3,2022-05-01,62.61,2022-04-01,105.96,2022-07-01,2022-04-01,2022-06-01,,,43.35,,62.61,2022-06-01,ru,false,22
"7SeM1pmnTTTXfhI+x3ldng==",game 3,2022-07-01,82.32,2022-05-01,62.61,2022-08-01,2022-06-01,2022-08-01,,,,82.32,,,ru,false,22
"7SeM1pmnTTTXfhI+x3ldng==",game 3,2022-08-01,55.56,2022-07-01,82.32,2022-09-01,2022-07-01,2022-09-01,,,26.76,,,,ru,false,22
"7SeM1pmnTTTXfhI+x3ldng==",game 3,2022-09-01,22.71,2022-08-01,55.56,2022-10-01,2022-08-01,2022-10-01,,,32.85,,,,ru,false,22
"7SeM1pmnTTTXfhI+x3ldng==",game 3,2022-10-01,37.44,2022-09-01,22.71,2022-11-01,2022-09-01,2022-11-01,,14.73,,,,,ru,false,22
"7SeM1pmnTTTXfhI+x3ldng==",game 3,2022-11-01,84.15,2022-10-01,37.44,2022-12-01,2022-10-01,2022-12-01,,46.71,,,,,ru,false,22
"7SeM1pmnTTTXfhI+x3ldng==",game 3,2022-12-01,15.99,2022-11-01,84.15,,2022-11-01,2023-01-01,,,68.16,,15.99,2023-01-01,ru,false,22
"7vnYIRqjBNlAyBbtPg02tQ==",game 3,2022-07-01,31.59,,,2022-08-01,2022-06-01,2022-08-01,31.59,,,,,,uk,false,21
"7vnYIRqjBNlAyBbtPg02tQ==",game 3,2022-08-01,82.08,2022-07-01,31.59,2022-09-01,2022-07-01,2022-09-01,,50.49,,,,,uk,false,21
"7vnYIRqjBNlAyBbtPg02tQ==",game 3,2022-09-01,73.29,2022-08-01,82.08,2022-10-01,2022-08-01,2022-10-01,,,8.79,,,,uk,false,21
"7vnYIRqjBNlAyBbtPg02tQ==",game 3,2022-10-01,158.16,2022-09-01,73.29,2022-11-01,2022-09-01,2022-11-01,,84.87,,,,,uk,false,21
"7vnYIRqjBNlAyBbtPg02tQ==",game 3,2022-11-01,23.49,2022-10-01,158.16,2022-12-01,2022-10-01,2022-12-01,,,134.67,,,,uk,false,21
"7vnYIRqjBNlAyBbtPg02tQ==",game 3,2022-12-01,47.31,2022-11-01,23.49,,2022-11-01,2023-01-01,,23.82,,,47.31,2023-01-01,uk,false,21
"7YaJfLI3RPGUEN2esrQxsQ==",game 3,2022-09-01,35.28,,,2022-12-01,2022-08-01,2022-10-01,35.28,,,,35.28,2022-10-01,ru,false,15
"7YaJfLI3RPGUEN2esrQxsQ==",game 3,2022-12-01,26.67,2022-09-01,35.28,,2022-11-01,2023-01-01,,,,26.67,26.67,2023-01-01,ru,false,15
"7zai/c69uF/NhB95HgKuYw==",game 3,2022-07-01,62.25,,,2022-08-01,2022-06-01,2022-08-01,62.25,,,,,,uk,false,16
"7zai/c69uF/NhB95HgKuYw==",game 3,2022-08-01,75.15,2022-07-01,62.25,2022-09-01,2022-07-01,2022-09-01,,12.90,,,,,uk,false,16
"7zai/c69uF/NhB95HgKuYw==",game 3,2022-09-01,48.48,2022-08-01,75.15,2022-10-01,2022-08-01,2022-10-01,,,26.67,,,,uk,false,16
"7zai/c69uF/NhB95HgKuYw==",game 3,2022-10-01,22.77,2022-09-01,48.48,2022-11-01,2022-09-01,2022-11-01,,,25.71,,,,uk,false,16
"7zai/c69uF/NhB95HgKuYw==",game 3,2022-11-01,41.04,2022-10-01,22.77,,2022-10-01,2022-12-01,,18.27,,,41.04,2022-12-01,uk,false,16
"7zbxKst2yi3pfdVI8iEChw==",game 3,2022-04-01,23.31,,,2022-06-01,2022-03-01,2022-05-01,23.31,,,,23.31,2022-05-01,ru,false,15
"7zbxKst2yi3pfdVI8iEChw==",game 3,2022-06-01,13.05,2022-04-01,23.31,2022-08-01,2022-05-01,2022-07-01,,,,13.05,13.05,2022-07-01,ru,false,15
"7zbxKst2yi3pfdVI8iEChw==",game 3,2022-08-01,18.3,2022-06-01,13.05,2022-12-01,2022-07-01,2022-09-01,,,,18.3,18.3,2022-09-01,ru,false,15
"7zbxKst2yi3pfdVI8iEChw==",game 3,2022-12-01,13.05,2022-08-01,18.3,,2022-11-01,2023-01-01,,,,13.05,13.05,2023-01-01,ru,false,15
"8ncYOMYXeKDelzX40EnuLA==",game 3,2022-07-01,86.94,,,2022-08-01,2022-06-01,2022-08-01,86.94,,,,,,uk,false,19
"8ncYOMYXeKDelzX40EnuLA==",game 3,2022-08-01,158.76,2022-07-01,86.94,2022-09-01,2022-07-01,2022-09-01,,71.82,,,,,uk,false,19
"8ncYOMYXeKDelzX40EnuLA==",game 3,2022-09-01,35.61,2022-08-01,158.76,2022-11-01,2022-08-01,2022-10-01,,,123.15,,35.61,2022-10-01,uk,false,19
"8ncYOMYXeKDelzX40EnuLA==",game 3,2022-11-01,33.57,2022-09-01,35.61,2022-12-01,2022-10-01,2022-12-01,,,,33.57,,,uk,false,19
"8ncYOMYXeKDelzX40EnuLA==",game 3,2022-12-01,117.96,2022-11-01,33.57,,2022-11-01,2023-01-01,,84.39,,,117.96,2023-01-01,uk,false,19
"8TTRdxncZg7Nl0tvfwsZng==",game 3,2022-05-01,14.25,,,,2022-04-01,2022-06-01,14.25,,,,14.25,2022-06-01,uk,false,30
"99X4aLWWjAIgmlXjrXQIgg==",game 3,2022-03-01,16.98,,,,2022-02-01,2022-04-01,16.98,,,,16.98,2022-04-01,ru,false,22
"9I0ppB2UxsJPIO8BpHQfEw==",game 3,2022-10-01,16.17,,,2022-11-01,2022-09-01,2022-11-01,16.17,,,,,,uk,false,26
"9I0ppB2UxsJPIO8BpHQfEw==",game 3,2022-11-01,26.76,2022-10-01,16.17,,2022-10-01,2022-12-01,,10.59,,,26.76,2022-12-01,uk,false,26
"9IWUQ1iWPfYSSN2tWuVqMQ==",game 3,2022-05-01,12.48,,,2022-06-01,2022-04-01,2022-06-01,12.48,,,,,,ru,false,24
"9IWUQ1iWPfYSSN2tWuVqMQ==",game 3,2022-06-01,88.08,2022-05-01,12.48,2022-07-01,2022-05-01,2022-07-01,,75.60,,,,,ru,false,24
"9IWUQ1iWPfYSSN2tWuVqMQ==",game 3,2022-07-01,120.75,2022-06-01,88.08,2022-08-01,2022-06-01,2022-08-01,,32.67,,,,,ru,false,24
"9IWUQ1iWPfYSSN2tWuVqMQ==",game 3,2022-08-01,46.29,2022-07-01,120.75,2022-09-01,2022-07-01,2022-09-01,,,74.46,,,,ru,false,24
"9IWUQ1iWPfYSSN2tWuVqMQ==",game 3,2022-09-01,15.63,2022-08-01,46.29,2022-10-01,2022-08-01,2022-10-01,,,30.66,,,,ru,false,24
"9IWUQ1iWPfYSSN2tWuVqMQ==",game 3,2022-10-01,17.37,2022-09-01,15.63,2022-11-01,2022-09-01,2022-11-01,,1.74,,,,,ru,false,24
"9IWUQ1iWPfYSSN2tWuVqMQ==",game 3,2022-11-01,71.52,2022-10-01,17.37,2022-12-01,2022-10-01,2022-12-01,,54.15,,,,,ru,false,24
"9IWUQ1iWPfYSSN2tWuVqMQ==",game 3,2022-12-01,30.12,2022-11-01,71.52,,2022-11-01,2023-01-01,,,41.40,,30.12,2023-01-01,ru,false,24
"9U26VpwYC1aliSUokeNK6A==",game 3,2022-11-01,53.07,,,2022-12-01,2022-10-01,2022-12-01,53.07,,,,,,uk,false,34
"9U26VpwYC1aliSUokeNK6A==",game 3,2022-12-01,14.34,2022-11-01,53.07,,2022-11-01,2023-01-01,,,38.73,,14.34,2023-01-01,uk,false,34
A1qVjssGQ+ZUWZu3Z5DzTA==,game 3,2022-03-01,45.27,,,2022-04-01,2022-02-01,2022-04-01,45.27,,,,,,uk,false,24
A1qVjssGQ+ZUWZu3Z5DzTA==,game 3,2022-04-01,13.95,2022-03-01,45.27,2022-06-01,2022-03-01,2022-05-01,,,31.32,,13.95,2022-05-01,uk,false,24
A1qVjssGQ+ZUWZu3Z5DzTA==,game 3,2022-06-01,107.40,2022-04-01,13.95,2022-07-01,2022-05-01,2022-07-01,,,,107.40,,,uk,false,24
A1qVjssGQ+ZUWZu3Z5DzTA==,game 3,2022-07-01,64.44,2022-06-01,107.40,2022-08-01,2022-06-01,2022-08-01,,,42.96,,,,uk,false,24
A1qVjssGQ+ZUWZu3Z5DzTA==,game 3,2022-08-01,15.21,2022-07-01,64.44,2022-09-01,2022-07-01,2022-09-01,,,49.23,,,,uk,false,24
A1qVjssGQ+ZUWZu3Z5DzTA==,game 3,2022-09-01,19.56,2022-08-01,15.21,2022-10-01,2022-08-01,2022-10-01,,4.35,,,,,uk,false,24
A1qVjssGQ+ZUWZu3Z5DzTA==,game 3,2022-10-01,65.43,2022-09-01,19.56,,2022-09-01,2022-11-01,,45.87,,,65.43,2022-11-01,uk,false,24
A6QTeGOKjaGkGkRCFqNybw==,game 3,2022-08-01,43.86,,,,2022-07-01,2022-09-01,43.86,,,,43.86,2022-09-01,ru,false,33
A8lK1Lccnv65sGqBkfP2iw==,game 3,2022-12-01,16.08,,,,2022-11-01,2023-01-01,16.08,,,,16.08,2023-01-01,uk,false,15
ABuPH1LovAomZwU+2iw0Lw==,game 3,2022-08-01,51.00,,,2022-09-01,2022-07-01,2022-09-01,51.00,,,,,,uk,false,18
ABuPH1LovAomZwU+2iw0Lw==,game 3,2022-09-01,19.56,2022-08-01,51.00,2022-11-01,2022-08-01,2022-10-01,,,31.44,,19.56,2022-10-01,uk,false,18
ABuPH1LovAomZwU+2iw0Lw==,game 3,2022-11-01,105.99,2022-09-01,19.56,2022-12-01,2022-10-01,2022-12-01,,,,105.99,,,uk,false,18
ABuPH1LovAomZwU+2iw0Lw==,game 3,2022-12-01,47.10,2022-11-01,105.99,,2022-11-01,2023-01-01,,,58.89,,47.10,2023-01-01,uk,false,18
an5Xsrpir8vvhTb50gnppQ==,game 3,2022-05-01,15.51,,,,2022-04-01,2022-06-01,15.51,,,,15.51,2022-06-01,uk,false,43
An7gG7hfETivAjfokQv3Ww==,game 3,2022-07-01,45.03,,,2022-08-01,2022-06-01,2022-08-01,45.03,,,,,,uk,false,23
An7gG7hfETivAjfokQv3Ww==,game 3,2022-08-01,90.99,2022-07-01,45.03,2022-09-01,2022-07-01,2022-09-01,,45.96,,,,,uk,false,23
An7gG7hfETivAjfokQv3Ww==,game 3,2022-09-01,47.52,2022-08-01,90.99,2022-10-01,2022-08-01,2022-10-01,,,43.47,,,,uk,false,23
An7gG7hfETivAjfokQv3Ww==,game 3,2022-10-01,18.9,2022-09-01,47.52,2022-11-01,2022-09-01,2022-11-01,,,28.62,,,,uk,false,23
An7gG7hfETivAjfokQv3Ww==,game 3,2022-11-01,61.29,2022-10-01,18.9,2022-12-01,2022-10-01,2022-12-01,,42.39,,,,,uk,false,23
An7gG7hfETivAjfokQv3Ww==,game 3,2022-12-01,17.61,2022-11-01,61.29,,2022-11-01,2023-01-01,,,43.68,,17.61,2023-01-01,uk,false,23
AN9at3LlvDamqXq8dvHD4w==,game 3,2022-03-01,42.03,,,2022-04-01,2022-02-01,2022-04-01,42.03,,,,,,ru,false,24
AN9at3LlvDamqXq8dvHD4w==,game 3,2022-04-01,64.50,2022-03-01,42.03,2022-05-01,2022-03-01,2022-05-01,,22.47,,,,,ru,false,24
AN9at3LlvDamqXq8dvHD4w==,game 3,2022-05-01,66.57,2022-04-01,64.50,2022-06-01,2022-04-01,2022-06-01,,2.07,,,,,ru,false,24
AN9at3LlvDamqXq8dvHD4w==,game 3,2022-06-01,18.99,2022-05-01,66.57,2022-07-01,2022-05-01,2022-07-01,,,47.58,,,,ru,false,24
AN9at3LlvDamqXq8dvHD4w==,game 3,2022-07-01,13.71,2022-06-01,18.99,2022-08-01,2022-06-01,2022-08-01,,,5.28,,,,ru,false,24
AN9at3LlvDamqXq8dvHD4w==,game 3,2022-08-01,43.23,2022-07-01,13.71,2022-09-01,2022-07-01,2022-09-01,,29.52,,,,,ru,false,24
AN9at3LlvDamqXq8dvHD4w==,game 3,2022-09-01,63.93,2022-08-01,43.23,2022-10-01,2022-08-01,2022-10-01,,20.70,,,,,ru,false,24
AN9at3LlvDamqXq8dvHD4w==,game 3,2022-10-01,13.83,2022-09-01,63.93,2022-11-01,2022-09-01,2022-11-01,,,50.10,,,,ru,false,24
AN9at3LlvDamqXq8dvHD4w==,game 3,2022-11-01,68.97,2022-10-01,13.83,2022-12-01,2022-10-01,2022-12-01,,55.14,,,,,ru,false,24
AN9at3LlvDamqXq8dvHD4w==,game 3,2022-12-01,59.94,2022-11-01,68.97,,2022-11-01,2023-01-01,,,9.03,,59.94,2023-01-01,ru,false,24
/ANyXfGUGtUS/bPw0/nW/w==,game 3,2022-11-01,33.06,,,,2022-10-01,2022-12-01,33.06,,,,33.06,2022-12-01,uk,false,28
aQDvOXzsDAJWi3Y47ptRPg==,game 3,2022-04-01,15.21,,,2022-05-01,2022-03-01,2022-05-01,15.21,,,,,,ru,false,20
aQDvOXzsDAJWi3Y47ptRPg==,game 3,2022-05-01,39.30,2022-04-01,15.21,2022-06-01,2022-04-01,2022-06-01,,24.09,,,,,ru,false,20
aQDvOXzsDAJWi3Y47ptRPg==,game 3,2022-06-01,19.08,2022-05-01,39.30,,2022-05-01,2022-07-01,,,20.22,,19.08,2022-07-01,ru,false,20
aujnuJ9eBYK+yGF15TtUkw==,game 2,2022-09-01,33.57,,,2022-10-01,2022-08-01,2022-10-01,33.57,,,,,,en,false,35
aujnuJ9eBYK+yGF15TtUkw==,game 2,2022-10-01,12.69,2022-09-01,33.57,,2022-09-01,2022-11-01,,,20.88,,12.69,2022-11-01,en,false,35
AuJNw7SH8b7lM4j46bNr8A==,game 3,2022-09-01,18.33,,,2022-10-01,2022-08-01,2022-10-01,18.33,,,,,,en,false,28
AuJNw7SH8b7lM4j46bNr8A==,game 3,2022-10-01,25.77,2022-09-01,18.33,2022-11-01,2022-09-01,2022-11-01,,7.44,,,,,en,false,28
AuJNw7SH8b7lM4j46bNr8A==,game 3,2022-11-01,122.97,2022-10-01,25.77,2022-12-01,2022-10-01,2022-12-01,,97.20,,,,,en,false,28
AuJNw7SH8b7lM4j46bNr8A==,game 3,2022-12-01,32.79,2022-11-01,122.97,,2022-11-01,2023-01-01,,,90.18,,32.79,2023-01-01,en,false,28
+Awa0l8QDZ6iKBSRiA6dRQ==,game 3,2022-10-01,69.90,,,2022-11-01,2022-09-01,2022-11-01,69.90,,,,,,ru,false,16
+Awa0l8QDZ6iKBSRiA6dRQ==,game 3,2022-11-01,43.08,2022-10-01,69.90,,2022-10-01,2022-12-01,,,26.82,,43.08,2022-12-01,ru,false,16
b3TBQFxyCxxypmPajF+jXw==,game 3,2022-03-01,13.98,,,2022-04-01,2022-02-01,2022-04-01,13.98,,,,,,uk,true,15
b3TBQFxyCxxypmPajF+jXw==,game 3,2022-04-01,14.82,2022-03-01,13.98,2022-05-01,2022-03-01,2022-05-01,,0.84,,,,,uk,true,15
b3TBQFxyCxxypmPajF+jXw==,game 3,2022-05-01,28.68,2022-04-01,14.82,2022-06-01,2022-04-01,2022-06-01,,13.86,,,,,uk,true,15
b3TBQFxyCxxypmPajF+jXw==,game 3,2022-06-01,71.31,2022-05-01,28.68,,2022-05-01,2022-07-01,,42.63,,,71.31,2022-07-01,uk,true,15
B4b6v6eUHvAVOeAQk6EEiw==,game 3,2022-03-01,15.3,,,2022-04-01,2022-02-01,2022-04-01,15.3,,,,,,ru,false,23
B4b6v6eUHvAVOeAQk6EEiw==,game 3,2022-04-01,63.60,2022-03-01,15.3,2022-06-01,2022-03-01,2022-05-01,,48.30,,,63.60,2022-05-01,ru,false,23
B4b6v6eUHvAVOeAQk6EEiw==,game 3,2022-06-01,96.33,2022-04-01,63.60,2022-07-01,2022-05-01,2022-07-01,,,,96.33,,,ru,false,23
B4b6v6eUHvAVOeAQk6EEiw==,game 3,2022-07-01,20.79,2022-06-01,96.33,2022-08-01,2022-06-01,2022-08-01,,,75.54,,,,ru,false,23
B4b6v6eUHvAVOeAQk6EEiw==,game 3,2022-08-01,64.80,2022-07-01,20.79,2022-09-01,2022-07-01,2022-09-01,,44.01,,,,,ru,false,23
B4b6v6eUHvAVOeAQk6EEiw==,game 3,2022-09-01,44.67,2022-08-01,64.80,2022-10-01,2022-08-01,2022-10-01,,,20.13,,,,ru,false,23
B4b6v6eUHvAVOeAQk6EEiw==,game 3,2022-10-01,59.28,2022-09-01,44.67,2022-12-01,2022-09-01,2022-11-01,,14.61,,,59.28,2022-11-01,ru,false,23
B4b6v6eUHvAVOeAQk6EEiw==,game 3,2022-12-01,20.64,2022-10-01,59.28,,2022-11-01,2023-01-01,,,,20.64,20.64,2023-01-01,ru,false,23
B4tGKx0IrkPGAUEnO6mMNA==,game 3,2022-11-01,55.08,,,2022-12-01,2022-10-01,2022-12-01,55.08,,,,,,uk,false,19
B4tGKx0IrkPGAUEnO6mMNA==,game 3,2022-12-01,14.37,2022-11-01,55.08,,2022-11-01,2023-01-01,,,40.71,,14.37,2023-01-01,uk,false,19
b6lW5fOrJiJUE7dwhEp9VQ==,game 3,2022-05-01,94.11,,,2022-06-01,2022-04-01,2022-06-01,94.11,,,,,,ru,false,17
b6lW5fOrJiJUE7dwhEp9VQ==,game 3,2022-06-01,41.07,2022-05-01,94.11,2022-07-01,2022-05-01,2022-07-01,,,53.04,,,,ru,false,17
b6lW5fOrJiJUE7dwhEp9VQ==,game 3,2022-07-01,15.21,2022-06-01,41.07,2022-08-01,2022-06-01,2022-08-01,,,25.86,,,,ru,false,17
b6lW5fOrJiJUE7dwhEp9VQ==,game 3,2022-08-01,73.38,2022-07-01,15.21,2022-09-01,2022-07-01,2022-09-01,,58.17,,,,,ru,false,17
b6lW5fOrJiJUE7dwhEp9VQ==,game 3,2022-09-01,18.24,2022-08-01,73.38,2022-10-01,2022-08-01,2022-10-01,,,55.14,,,,ru,false,17
b6lW5fOrJiJUE7dwhEp9VQ==,game 3,2022-10-01,46.20,2022-09-01,18.24,2022-11-01,2022-09-01,2022-11-01,,27.96,,,,,ru,false,17
b6lW5fOrJiJUE7dwhEp9VQ==,game 3,2022-11-01,102.18,2022-10-01,46.20,2022-12-01,2022-10-01,2022-12-01,,55.98,,,,,ru,false,17
b6lW5fOrJiJUE7dwhEp9VQ==,game 3,2022-12-01,42.21,2022-11-01,102.18,,2022-11-01,2023-01-01,,,59.97,,42.21,2023-01-01,ru,false,17
B7ziVc7jLVg/+snNIp3hLQ==,game 3,2022-07-01,13.71,,,,2022-06-01,2022-08-01,13.71,,,,13.71,2022-08-01,uk,false,19
b85g/xLxpBpMH/joxym4fA==,game 3,2022-11-01,26.94,,,,2022-10-01,2022-12-01,26.94,,,,26.94,2022-12-01,uk,false,28
B8zuTsAC2iJ98u2nlv/fUw==,game 3,2022-05-01,39.96,,,2022-10-01,2022-04-01,2022-06-01,39.96,,,,39.96,2022-06-01,uk,true,21
B8zuTsAC2iJ98u2nlv/fUw==,game 3,2022-10-01,56.28,2022-05-01,39.96,,2022-09-01,2022-11-01,,,,56.28,56.28,2022-11-01,uk,true,21
BbnuW+2kIgxo7dxg5BBIeQ==,game 3,2022-10-01,37.08,,,2022-11-01,2022-09-01,2022-11-01,37.08,,,,,,ru,false,17
BbnuW+2kIgxo7dxg5BBIeQ==,game 3,2022-11-01,53.07,2022-10-01,37.08,2022-12-01,2022-10-01,2022-12-01,,15.99,,,,,ru,false,17
BbnuW+2kIgxo7dxg5BBIeQ==,game 3,2022-12-01,121.41,2022-11-01,53.07,,2022-11-01,2023-01-01,,68.34,,,121.41,2023-01-01,ru,false,17
bBOj8UKjraXzMIPrGBdCrQ==,game 3,2022-08-01,27.60,,,2022-09-01,2022-07-01,2022-09-01,27.60,,,,,,uk,false,28
bBOj8UKjraXzMIPrGBdCrQ==,game 3,2022-09-01,29.07,2022-08-01,27.60,2022-10-01,2022-08-01,2022-10-01,,1.47,,,,,uk,false,28
bBOj8UKjraXzMIPrGBdCrQ==,game 3,2022-10-01,12.21,2022-09-01,29.07,2022-11-01,2022-09-01,2022-11-01,,,16.86,,,,uk,false,28
bBOj8UKjraXzMIPrGBdCrQ==,game 3,2022-11-01,15.69,2022-10-01,12.21,2022-12-01,2022-10-01,2022-12-01,,3.48,,,,,uk,false,28
bBOj8UKjraXzMIPrGBdCrQ==,game 3,2022-12-01,39.48,2022-11-01,15.69,,2022-11-01,2023-01-01,,23.79,,,39.48,2023-01-01,uk,false,28
Bcs3CbYx2EpbL9otxlEUmg==,game 3,2022-03-01,89.22,,,2022-05-01,2022-02-01,2022-04-01,89.22,,,,89.22,2022-04-01,uk,true,18
Bcs3CbYx2EpbL9otxlEUmg==,game 3,2022-05-01,30.72,2022-03-01,89.22,2022-06-01,2022-04-01,2022-06-01,,,,30.72,,,uk,true,18
Bcs3CbYx2EpbL9otxlEUmg==,game 3,2022-06-01,31.38,2022-05-01,30.72,2022-07-01,2022-05-01,2022-07-01,,0.66,,,,,uk,true,18
Bcs3CbYx2EpbL9otxlEUmg==,game 3,2022-07-01,106.59,2022-06-01,31.38,2022-08-01,2022-06-01,2022-08-01,,75.21,,,,,uk,true,18
Bcs3CbYx2EpbL9otxlEUmg==,game 3,2022-08-01,73.38,2022-07-01,106.59,2022-09-01,2022-07-01,2022-09-01,,,33.21,,,,uk,true,18
Bcs3CbYx2EpbL9otxlEUmg==,game 3,2022-09-01,76.02,2022-08-01,73.38,2022-10-01,2022-08-01,2022-10-01,,2.64,,,,,uk,true,18
Bcs3CbYx2EpbL9otxlEUmg==,game 3,2022-10-01,96.84,2022-09-01,76.02,,2022-09-01,2022-11-01,,20.82,,,96.84,2022-11-01,uk,true,18
BDvlXttM/hbupcLic+5ZWg==,game 3,2022-05-01,12.93,,,2022-06-01,2022-04-01,2022-06-01,12.93,,,,,,uk,false,29
BDvlXttM/hbupcLic+5ZWg==,game 3,2022-06-01,46.53,2022-05-01,12.93,2022-08-01,2022-05-01,2022-07-01,,33.60,,,46.53,2022-07-01,uk,false,29
BDvlXttM/hbupcLic+5ZWg==,game 3,2022-08-01,13.59,2022-06-01,46.53,2022-09-01,2022-07-01,2022-09-01,,,,13.59,,,uk,false,29
BDvlXttM/hbupcLic+5ZWg==,game 3,2022-09-01,41.55,2022-08-01,13.59,2022-10-01,2022-08-01,2022-10-01,,27.96,,,,,uk,false,29
BDvlXttM/hbupcLic+5ZWg==,game 3,2022-10-01,12.9,2022-09-01,41.55,2022-11-01,2022-09-01,2022-11-01,,,28.65,,,,uk,false,29
BDvlXttM/hbupcLic+5ZWg==,game 3,2022-11-01,58.98,2022-10-01,12.9,2022-12-01,2022-10-01,2022-12-01,,46.08,,,,,uk,false,29
BDvlXttM/hbupcLic+5ZWg==,game 3,2022-12-01,13.5,2022-11-01,58.98,,2022-11-01,2023-01-01,,,45.48,,13.5,2023-01-01,uk,false,29
BE42Fj9cBAbbch80IpA8Dw==,game 3,2022-09-01,15.57,,,2022-10-01,2022-08-01,2022-10-01,15.57,,,,,,uk,false,30
BE42Fj9cBAbbch80IpA8Dw==,game 3,2022-10-01,47.22,2022-09-01,15.57,2022-11-01,2022-09-01,2022-11-01,,31.65,,,,,uk,false,30
BE42Fj9cBAbbch80IpA8Dw==,game 3,2022-11-01,53.52,2022-10-01,47.22,,2022-10-01,2022-12-01,,6.30,,,53.52,2022-12-01,uk,false,30
bF11PeUgiQ6ebhHTaDNDJA==,game 3,2022-10-01,18.78,,,,2022-09-01,2022-11-01,18.78,,,,18.78,2022-11-01,ru,false,33
BH4aptg763J0WNnw0OS9hw==,game 3,2022-07-01,15.21,,,,2022-06-01,2022-08-01,15.21,,,,15.21,2022-08-01,ru,false,18
BJlqmsfEshc/QjsD7VgEjg==,game 3,2022-04-01,30.66,,,2022-06-01,2022-03-01,2022-05-01,30.66,,,,30.66,2022-05-01,ru,false,18
BJlqmsfEshc/QjsD7VgEjg==,game 3,2022-06-01,113.76,2022-04-01,30.66,2022-09-01,2022-05-01,2022-07-01,,,,113.76,113.76,2022-07-01,ru,false,18
BJlqmsfEshc/QjsD7VgEjg==,game 3,2022-09-01,21.51,2022-06-01,113.76,,2022-08-01,2022-10-01,,,,21.51,21.51,2022-10-01,ru,false,18
BLnx9pj0y+SVkckLR/01qw==,game 3,2022-09-01,41.55,,,2022-10-01,2022-08-01,2022-10-01,41.55,,,,,,uk,false,25
BLnx9pj0y+SVkckLR/01qw==,game 3,2022-10-01,85.20,2022-09-01,41.55,2022-11-01,2022-09-01,2022-11-01,,43.65,,,,,uk,false,25
BLnx9pj0y+SVkckLR/01qw==,game 3,2022-11-01,43.92,2022-10-01,85.20,2022-12-01,2022-10-01,2022-12-01,,,41.28,,,,uk,false,25
BLnx9pj0y+SVkckLR/01qw==,game 3,2022-12-01,14.37,2022-11-01,43.92,,2022-11-01,2023-01-01,,,29.55,,14.37,2023-01-01,uk,false,25
BOcGlFXXESDUbttxDzQIQw==,game 3,2022-08-01,88.29,,,2022-09-01,2022-07-01,2022-09-01,88.29,,,,,,uk,false,32
BOcGlFXXESDUbttxDzQIQw==,game 3,2022-09-01,99.45,2022-08-01,88.29,2022-10-01,2022-08-01,2022-10-01,,11.16,,,,,uk,false,32
BOcGlFXXESDUbttxDzQIQw==,game 3,2022-10-01,58.14,2022-09-01,99.45,2022-11-01,2022-09-01,2022-11-01,,,41.31,,,,uk,false,32
BOcGlFXXESDUbttxDzQIQw==,game 3,2022-11-01,27.42,2022-10-01,58.14,2022-12-01,2022-10-01,2022-12-01,,,30.72,,,,uk,false,32
BOcGlFXXESDUbttxDzQIQw==,game 3,2022-12-01,16.89,2022-11-01,27.42,,2022-11-01,2023-01-01,,,10.53,,16.89,2023-01-01,uk,false,32
BTD3ZjLKfkT6ZRBT9zRwtg==,game 3,2022-05-01,65.73,,,2022-06-01,2022-04-01,2022-06-01,65.73,,,,,,uk,true,14
BTD3ZjLKfkT6ZRBT9zRwtg==,game 3,2022-06-01,46.20,2022-05-01,65.73,2022-07-01,2022-05-01,2022-07-01,,,19.53,,,,uk,true,14
BTD3ZjLKfkT6ZRBT9zRwtg==,game 3,2022-07-01,12.9,2022-06-01,46.20,2022-08-01,2022-06-01,2022-08-01,,,33.30,,,,uk,true,14
BTD3ZjLKfkT6ZRBT9zRwtg==,game 3,2022-08-01,35.79,2022-07-01,12.9,2022-10-01,2022-07-01,2022-09-01,,22.89,,,35.79,2022-09-01,uk,true,14
BTD3ZjLKfkT6ZRBT9zRwtg==,game 3,2022-10-01,27.00,2022-08-01,35.79,2022-11-01,2022-09-01,2022-11-01,,,,27.00,,,uk,true,14
BTD3ZjLKfkT6ZRBT9zRwtg==,game 3,2022-11-01,49.92,2022-10-01,27.00,2022-12-01,2022-10-01,2022-12-01,,22.92,,,,,uk,true,14
BTD3ZjLKfkT6ZRBT9zRwtg==,game 3,2022-12-01,27.42,2022-11-01,49.92,,2022-11-01,2023-01-01,,,22.50,,27.42,2023-01-01,uk,true,14
bZDMuXKM3RFajmZa/yIpsw==,game 3,2022-09-01,14.55,,,2022-10-01,2022-08-01,2022-10-01,14.55,,,,,,uk,false,23
bZDMuXKM3RFajmZa/yIpsw==,game 3,2022-10-01,91.83,2022-09-01,14.55,2022-12-01,2022-09-01,2022-11-01,,77.28,,,91.83,2022-11-01,uk,false,23
bZDMuXKM3RFajmZa/yIpsw==,game 3,2022-12-01,80.58,2022-10-01,91.83,,2022-11-01,2023-01-01,,,,80.58,80.58,2023-01-01,uk,false,23
c5qsNfxhW80Ws3aBXDa1nA==,game 3,2022-08-01,15.78,,,2022-09-01,2022-07-01,2022-09-01,15.78,,,,,,uk,false,18
c5qsNfxhW80Ws3aBXDa1nA==,game 3,2022-09-01,71.82,2022-08-01,15.78,2022-10-01,2022-08-01,2022-10-01,,56.04,,,,,uk,false,18
c5qsNfxhW80Ws3aBXDa1nA==,game 3,2022-10-01,83.16,2022-09-01,71.82,2022-11-01,2022-09-01,2022-11-01,,11.34,,,,,uk,false,18
c5qsNfxhW80Ws3aBXDa1nA==,game 3,2022-11-01,26.16,2022-10-01,83.16,2022-12-01,2022-10-01,2022-12-01,,,57.00,,,,uk,false,18
c5qsNfxhW80Ws3aBXDa1nA==,game 3,2022-12-01,14.28,2022-11-01,26.16,,2022-11-01,2023-01-01,,,11.88,,14.28,2023-01-01,uk,false,18
C6w5XTf8lIfc+VFmC7/bVw==,game 3,2022-07-01,14.25,,,2022-11-01,2022-06-01,2022-08-01,14.25,,,,14.25,2022-08-01,uk,false,40
C6w5XTf8lIfc+VFmC7/bVw==,game 3,2022-11-01,29.22,2022-07-01,14.25,2022-12-01,2022-10-01,2022-12-01,,,,29.22,,,uk,false,40
C6w5XTf8lIfc+VFmC7/bVw==,game 3,2022-12-01,25.83,2022-11-01,29.22,,2022-11-01,2023-01-01,,,3.39,,25.83,2023-01-01,uk,false,40
Cabfx2Uhcg6oOXYHLUa+rg==,game 3,2022-10-01,18.84,,,,2022-09-01,2022-11-01,18.84,,,,18.84,2022-11-01,uk,true,15
CCwTMcGtpirFFuqzSeTyaQ==,game 3,2022-03-01,15.84,,,2022-04-01,2022-02-01,2022-04-01,15.84,,,,,,uk,false,18
CCwTMcGtpirFFuqzSeTyaQ==,game 3,2022-04-01,20.76,2022-03-01,15.84,,2022-03-01,2022-05-01,,4.92,,,20.76,2022-05-01,uk,false,18
cDaRA0l0GtU4VtTO/DSe1g==,game 3,2022-11-01,33.33,,,,2022-10-01,2022-12-01,33.33,,,,33.33,2022-12-01,uk,false,21
cf1ykPUohKTUjtI6cAMhVw==,game 2,2022-10-01,12.24,,,,2022-09-01,2022-11-01,12.24,,,,12.24,2022-11-01,ru,true,21
cf5XFmP0Lfqw6irFBYfWwQ==,game 3,2022-11-01,32.25,,,2022-12-01,2022-10-01,2022-12-01,32.25,,,,,,uk,false,19
cf5XFmP0Lfqw6irFBYfWwQ==,game 3,2022-12-01,21.03,2022-11-01,32.25,,2022-11-01,2023-01-01,,,11.22,,21.03,2023-01-01,uk,false,19
CfgvA7ntuRJL/qdscwgMVw==,game 3,2022-09-01,43.83,,,2022-11-01,2022-08-01,2022-10-01,43.83,,,,43.83,2022-10-01,ru,false,24
CfgvA7ntuRJL/qdscwgMVw==,game 3,2022-11-01,56.40,2022-09-01,43.83,2022-12-01,2022-10-01,2022-12-01,,,,56.40,,,ru,false,24
CfgvA7ntuRJL/qdscwgMVw==,game 3,2022-12-01,60.15,2022-11-01,56.40,,2022-11-01,2023-01-01,,3.75,,,60.15,2023-01-01,ru,false,24
cjAwQwy//1xm2O5pNRveqw==,game 3,2022-10-01,74.28,,,2022-11-01,2022-09-01,2022-11-01,74.28,,,,,,ru,false,22
cjAwQwy//1xm2O5pNRveqw==,game 3,2022-11-01,84.24,2022-10-01,74.28,2022-12-01,2022-10-01,2022-12-01,,9.96,,,,,ru,false,22
cjAwQwy//1xm2O5pNRveqw==,game 3,2022-12-01,12.63,2022-11-01,84.24,,2022-11-01,2023-01-01,,,71.61,,12.63,2023-01-01,ru,false,22
cOCixiBbcAHemYgbNdoTcw==,game 3,2022-07-01,68.04,,,2022-09-01,2022-06-01,2022-08-01,68.04,,,,68.04,2022-08-01,uk,false,20
cOCixiBbcAHemYgbNdoTcw==,game 3,2022-09-01,42.81,2022-07-01,68.04,2022-10-01,2022-08-01,2022-10-01,,,,42.81,,,uk,false,20
cOCixiBbcAHemYgbNdoTcw==,game 3,2022-10-01,66.09,2022-09-01,42.81,2022-11-01,2022-09-01,2022-11-01,,23.28,,,,,uk,false,20
cOCixiBbcAHemYgbNdoTcw==,game 3,2022-11-01,82.68,2022-10-01,66.09,2022-12-01,2022-10-01,2022-12-01,,16.59,,,,,uk,false,20
cOCixiBbcAHemYgbNdoTcw==,game 3,2022-12-01,15.39,2022-11-01,82.68,,2022-11-01,2023-01-01,,,67.29,,15.39,2023-01-01,uk,false,20
cp2QvW7HEEyNYKZRQ+RvyA==,game 3,2022-12-01,38.10,,,,2022-11-01,2023-01-01,38.10,,,,38.10,2023-01-01,uk,false,14
crKNTIblJ0113SKEtSJQHw==,game 3,2022-05-01,93.99,,,2022-06-01,2022-04-01,2022-06-01,93.99,,,,,,uk,false,16
crKNTIblJ0113SKEtSJQHw==,game 3,2022-06-01,29.97,2022-05-01,93.99,2022-07-01,2022-05-01,2022-07-01,,,64.02,,,,uk,false,16
crKNTIblJ0113SKEtSJQHw==,game 3,2022-07-01,107.25,2022-06-01,29.97,2022-08-01,2022-06-01,2022-08-01,,77.28,,,,,uk,false,16
crKNTIblJ0113SKEtSJQHw==,game 3,2022-08-01,40.47,2022-07-01,107.25,2022-09-01,2022-07-01,2022-09-01,,,66.78,,,,uk,false,16
crKNTIblJ0113SKEtSJQHw==,game 3,2022-09-01,51.57,2022-08-01,40.47,2022-10-01,2022-08-01,2022-10-01,,11.10,,,,,uk,false,16
crKNTIblJ0113SKEtSJQHw==,game 3,2022-10-01,21.24,2022-09-01,51.57,2022-11-01,2022-09-01,2022-11-01,,,30.33,,,,uk,false,16
crKNTIblJ0113SKEtSJQHw==,game 3,2022-11-01,48.87,2022-10-01,21.24,2022-12-01,2022-10-01,2022-12-01,,27.63,,,,,uk,false,16
crKNTIblJ0113SKEtSJQHw==,game 3,2022-12-01,30.00,2022-11-01,48.87,,2022-11-01,2023-01-01,,,18.87,,30.00,2023-01-01,uk,false,16
cv6g2/jSkR+FwO58WY85DQ==,game 3,2022-08-01,55.47,,,2022-09-01,2022-07-01,2022-09-01,55.47,,,,,,uk,false,20
cv6g2/jSkR+FwO58WY85DQ==,game 3,2022-09-01,30.72,2022-08-01,55.47,2022-11-01,2022-08-01,2022-10-01,,,24.75,,30.72,2022-10-01,uk,false,20
cv6g2/jSkR+FwO58WY85DQ==,game 3,2022-11-01,23.28,2022-09-01,30.72,2022-12-01,2022-10-01,2022-12-01,,,,23.28,,,uk,false,20
cv6g2/jSkR+FwO58WY85DQ==,game 3,2022-12-01,24.3,2022-11-01,23.28,,2022-11-01,2023-01-01,,1.02,,,24.3,2023-01-01,uk,false,20
D0sawvsyqnyUMXNy+aXo7Q==,game 3,2022-10-01,72.69,,,2022-12-01,2022-09-01,2022-11-01,72.69,,,,72.69,2022-11-01,uk,false,19
D0sawvsyqnyUMXNy+aXo7Q==,game 3,2022-12-01,48.18,2022-10-01,72.69,,2022-11-01,2023-01-01,,,,48.18,48.18,2023-01-01,uk,false,19
d7kiN4CYGndV2/L4yQeZ4g==,game 3,2022-08-01,42.60,,,2022-09-01,2022-07-01,2022-09-01,42.60,,,,,,ru,false,19
d7kiN4CYGndV2/L4yQeZ4g==,game 3,2022-09-01,26.64,2022-08-01,42.60,2022-10-01,2022-08-01,2022-10-01,,,15.96,,,,ru,false,19
d7kiN4CYGndV2/L4yQeZ4g==,game 3,2022-10-01,60.12,2022-09-01,26.64,2022-11-01,2022-09-01,2022-11-01,,33.48,,,,,ru,false,19
d7kiN4CYGndV2/L4yQeZ4g==,game 3,2022-11-01,57.24,2022-10-01,60.12,2022-12-01,2022-10-01,2022-12-01,,,2.88,,,,ru,false,19
d7kiN4CYGndV2/L4yQeZ4g==,game 3,2022-12-01,102.57,2022-11-01,57.24,,2022-11-01,2023-01-01,,45.33,,,102.57,2023-01-01,ru,false,19
D9Bdgp+w/syZMU61LudzFQ==,game 3,2022-08-01,16.41,,,2022-09-01,2022-07-01,2022-09-01,16.41,,,,,,uk,false,19
D9Bdgp+w/syZMU61LudzFQ==,game 3,2022-09-01,21.06,2022-08-01,16.41,,2022-08-01,2022-10-01,,4.65,,,21.06,2022-10-01,uk,false,19
dAiAPbpgrBYKg4Rn7nbu4g==,game 3,2022-11-01,20.85,,,,2022-10-01,2022-12-01,20.85,,,,20.85,2022-12-01,uk,false,34
DAMO0tILVRlXZhYONdvs0Q==,game 3,2022-06-01,53.55,,,2022-07-01,2022-05-01,2022-07-01,53.55,,,,,,uk,false,15
DAMO0tILVRlXZhYONdvs0Q==,game 3,2022-07-01,53.31,2022-06-01,53.55,2022-08-01,2022-06-01,2022-08-01,,,0.24,,,,uk,false,15
DAMO0tILVRlXZhYONdvs0Q==,game 3,2022-08-01,48.21,2022-07-01,53.31,2022-09-01,2022-07-01,2022-09-01,,,5.10,,,,uk,false,15
DAMO0tILVRlXZhYONdvs0Q==,game 3,2022-09-01,54.15,2022-08-01,48.21,2022-10-01,2022-08-01,2022-10-01,,5.94,,,,,uk,false,15
DAMO0tILVRlXZhYONdvs0Q==,game 3,2022-10-01,70.62,2022-09-01,54.15,,2022-09-01,2022-11-01,,16.47,,,70.62,2022-11-01,uk,false,15
Dbff3x5cRk6/tUY3WQdzFQ==,game 3,2022-04-01,60.57,,,2022-05-01,2022-03-01,2022-05-01,60.57,,,,,,uk,false,21
Dbff3x5cRk6/tUY3WQdzFQ==,game 3,2022-05-01,31.2,2022-04-01,60.57,2022-06-01,2022-04-01,2022-06-01,,,29.37,,,,uk,false,21
Dbff3x5cRk6/tUY3WQdzFQ==,game 3,2022-06-01,32.37,2022-05-01,31.2,2022-07-01,2022-05-01,2022-07-01,,1.17,,,,,uk,false,21
Dbff3x5cRk6/tUY3WQdzFQ==,game 3,2022-07-01,100.83,2022-06-01,32.37,2022-08-01,2022-06-01,2022-08-01,,68.46,,,,,uk,false,21
Dbff3x5cRk6/tUY3WQdzFQ==,game 3,2022-08-01,46.71,2022-07-01,100.83,2022-09-01,2022-07-01,2022-09-01,,,54.12,,,,uk,false,21
Dbff3x5cRk6/tUY3WQdzFQ==,game 3,2022-09-01,64.08,2022-08-01,46.71,,2022-08-01,2022-10-01,,17.37,,,64.08,2022-10-01,uk,false,21
DcYWdg5xq9/5Yd7SaaVhZw==,game 3,2022-08-01,29.49,,,2022-09-01,2022-07-01,2022-09-01,29.49,,,,,,uk,false,32
DcYWdg5xq9/5Yd7SaaVhZw==,game 3,2022-09-01,13.14,2022-08-01,29.49,2022-11-01,2022-08-01,2022-10-01,,,16.35,,13.14,2022-10-01,uk,false,32
DcYWdg5xq9/5Yd7SaaVhZw==,game 3,2022-11-01,19.83,2022-09-01,13.14,,2022-10-01,2022-12-01,,,,19.83,19.83,2022-12-01,uk,false,32
DorDcyqBWMg5IEaflqn5Xw==,game 3,2022-04-01,50.16,,,2022-05-01,2022-03-01,2022-05-01,50.16,,,,,,ru,false,23
DorDcyqBWMg5IEaflqn5Xw==,game 3,2022-05-01,37.62,2022-04-01,50.16,2022-06-01,2022-04-01,2022-06-01,,,12.54,,,,ru,false,23
DorDcyqBWMg5IEaflqn5Xw==,game 3,2022-06-01,13.89,2022-05-01,37.62,2022-08-01,2022-05-01,2022-07-01,,,23.73,,13.89,2022-07-01,ru,false,23
DorDcyqBWMg5IEaflqn5Xw==,game 3,2022-08-01,58.92,2022-06-01,13.89,2022-09-01,2022-07-01,2022-09-01,,,,58.92,,,ru,false,23
DorDcyqBWMg5IEaflqn5Xw==,game 3,2022-09-01,85.05,2022-08-01,58.92,2022-12-01,2022-08-01,2022-10-01,,26.13,,,85.05,2022-10-01,ru,false,23
DorDcyqBWMg5IEaflqn5Xw==,game 3,2022-12-01,12.12,2022-09-01,85.05,,2022-11-01,2023-01-01,,,,12.12,12.12,2023-01-01,ru,false,23
dp8g3Zsy2hCfov8GumRuWg==,game 3,2022-06-01,13.89,,,,2022-05-01,2022-07-01,13.89,,,,13.89,2022-07-01,ru,false,19
dpfu6t8G4blqMn55KM8bSg==,game 3,2022-04-01,33.03,,,2022-05-01,2022-03-01,2022-05-01,33.03,,,,,,uk,false,16
dpfu6t8G4blqMn55KM8bSg==,game 3,2022-05-01,33.15,2022-04-01,33.03,2022-06-01,2022-04-01,2022-06-01,,0.12,,,,,uk,false,16
dpfu6t8G4blqMn55KM8bSg==,game 3,2022-06-01,17.64,2022-05-01,33.15,2022-07-01,2022-05-01,2022-07-01,,,15.51,,,,uk,false,16
dpfu6t8G4blqMn55KM8bSg==,game 3,2022-07-01,12.03,2022-06-01,17.64,2022-08-01,2022-06-01,2022-08-01,,,5.61,,,,uk,false,16
dpfu6t8G4blqMn55KM8bSg==,game 3,2022-08-01,92.13,2022-07-01,12.03,2022-09-01,2022-07-01,2022-09-01,,80.10,,,,,uk,false,16
dpfu6t8G4blqMn55KM8bSg==,game 3,2022-09-01,61.56,2022-08-01,92.13,2022-10-01,2022-08-01,2022-10-01,,,30.57,,,,uk,false,16
dpfu6t8G4blqMn55KM8bSg==,game 3,2022-10-01,112.20,2022-09-01,61.56,2022-11-01,2022-09-01,2022-11-01,,50.64,,,,,uk,false,16
dpfu6t8G4blqMn55KM8bSg==,game 3,2022-11-01,38.58,2022-10-01,112.20,,2022-10-01,2022-12-01,,,73.62,,38.58,2022-12-01,uk,false,16
dQAFHVkiiCKfawYALbHZeA==,game 3,2022-07-01,16.38,,,2022-08-01,2022-06-01,2022-08-01,16.38,,,,,,uk,false,26
dQAFHVkiiCKfawYALbHZeA==,game 3,2022-08-01,14.64,2022-07-01,16.38,2022-10-01,2022-07-01,2022-09-01,,,1.74,,14.64,2022-09-01,uk,false,26
dQAFHVkiiCKfawYALbHZeA==,game 3,2022-10-01,18.0,2022-08-01,14.64,,2022-09-01,2022-11-01,,,,18.0,18.0,2022-11-01,uk,false,26
DqezK7HAqZ+GovyRuzxD1A==,game 3,2022-04-01,83.19,,,2022-05-01,2022-03-01,2022-05-01,83.19,,,,,,uk,false,23
DqezK7HAqZ+GovyRuzxD1A==,game 3,2022-05-01,72.15,2022-04-01,83.19,2022-06-01,2022-04-01,2022-06-01,,,11.04,,,,uk,false,23
DqezK7HAqZ+GovyRuzxD1A==,game 3,2022-06-01,86.49,2022-05-01,72.15,2022-07-01,2022-05-01,2022-07-01,,14.34,,,,,uk,false,23
DqezK7HAqZ+GovyRuzxD1A==,game 3,2022-07-01,120.51,2022-06-01,86.49,,2022-06-01,2022-08-01,,34.02,,,120.51,2022-08-01,uk,false,23
dSGXNzIxO3joRVr1Eem+WQ==,game 3,2022-09-01,15.72,,,2022-10-01,2022-08-01,2022-10-01,15.72,,,,,,uk,false,29
dSGXNzIxO3joRVr1Eem+WQ==,game 3,2022-10-01,13.23,2022-09-01,15.72,,2022-09-01,2022-11-01,,,2.49,,13.23,2022-11-01,uk,false,29
dUXVADLWvf2uvh+Q6TNrMw==,game 3,2022-07-01,12.15,,,2022-10-01,2022-06-01,2022-08-01,12.15,,,,12.15,2022-08-01,ru,false,19
dUXVADLWvf2uvh+Q6TNrMw==,game 3,2022-10-01,36.63,2022-07-01,12.15,2022-11-01,2022-09-01,2022-11-01,,,,36.63,,,ru,false,19
dUXVADLWvf2uvh+Q6TNrMw==,game 3,2022-11-01,114.96,2022-10-01,36.63,2022-12-01,2022-10-01,2022-12-01,,78.33,,,,,ru,false,19
dUXVADLWvf2uvh+Q6TNrMw==,game 3,2022-12-01,26.58,2022-11-01,114.96,,2022-11-01,2023-01-01,,,88.38,,26.58,2023-01-01,ru,false,19
dVTYjVpXbOM/sOgCq4CV0g==,game 3,2022-08-01,41.31,,,2022-09-01,2022-07-01,2022-09-01,41.31,,,,,,uk,false,25
dVTYjVpXbOM/sOgCq4CV0g==,game 3,2022-09-01,127.20,2022-08-01,41.31,2022-10-01,2022-08-01,2022-10-01,,85.89,,,,,uk,false,25
dVTYjVpXbOM/sOgCq4CV0g==,game 3,2022-10-01,75.54,2022-09-01,127.20,2022-11-01,2022-09-01,2022-11-01,,,51.66,,,,uk,false,25
dVTYjVpXbOM/sOgCq4CV0g==,game 3,2022-11-01,14.73,2022-10-01,75.54,2022-12-01,2022-10-01,2022-12-01,,,60.81,,,,uk,false,25
dVTYjVpXbOM/sOgCq4CV0g==,game 3,2022-12-01,12.51,2022-11-01,14.73,,2022-11-01,2023-01-01,,,2.22,,12.51,2023-01-01,uk,false,25
dxXTsxsoGNYPn+1rVBAUww==,game 3,2022-08-01,13.98,,,2022-09-01,2022-07-01,2022-09-01,13.98,,,,,,uk,false,33
dxXTsxsoGNYPn+1rVBAUww==,game 3,2022-09-01,16.05,2022-08-01,13.98,2022-10-01,2022-08-01,2022-10-01,,2.07,,,,,uk,false,33
dxXTsxsoGNYPn+1rVBAUww==,game 3,2022-10-01,18.21,2022-09-01,16.05,,2022-09-01,2022-11-01,,2.16,,,18.21,2022-11-01,uk,false,33
e/6IajqZ922YY1rh2ErMJQ==,game 3,2022-06-01,33.51,,,2022-07-01,2022-05-01,2022-07-01,33.51,,,,,,en,false,25
e/6IajqZ922YY1rh2ErMJQ==,game 3,2022-07-01,148.98,2022-06-01,33.51,2022-08-01,2022-06-01,2022-08-01,,115.47,,,,,en,false,25
e/6IajqZ922YY1rh2ErMJQ==,game 3,2022-08-01,78.39,2022-07-01,148.98,2022-09-01,2022-07-01,2022-09-01,,,70.59,,,,en,false,25
e/6IajqZ922YY1rh2ErMJQ==,game 3,2022-09-01,70.14,2022-08-01,78.39,2022-10-01,2022-08-01,2022-10-01,,,8.25,,,,en,false,25
e/6IajqZ922YY1rh2ErMJQ==,game 3,2022-10-01,49.08,2022-09-01,70.14,2022-11-01,2022-09-01,2022-11-01,,,21.06,,,,en,false,25
e/6IajqZ922YY1rh2ErMJQ==,game 3,2022-11-01,376.56,2022-10-01,49.08,2022-12-01,2022-10-01,2022-12-01,,327.48,,,,,en,false,25
e/6IajqZ922YY1rh2ErMJQ==,game 3,2022-12-01,119.94,2022-11-01,376.56,,2022-11-01,2023-01-01,,,256.62,,119.94,2023-01-01,en,false,25
e6LTrwXMl/v1epsRPDa9Fg==,game 2,2022-12-01,15.93,,,,2022-11-01,2023-01-01,15.93,,,,15.93,2023-01-01,uk,false,30
eCd4MBHIR4qUWapg05TFLQ==,game 3,2022-04-01,23.04,,,2022-05-01,2022-03-01,2022-05-01,23.04,,,,,,ru,false,18
eCd4MBHIR4qUWapg05TFLQ==,game 3,2022-05-01,14.55,2022-04-01,23.04,2022-06-01,2022-04-01,2022-06-01,,,8.49,,,,ru,false,18
eCd4MBHIR4qUWapg05TFLQ==,game 3,2022-06-01,25.65,2022-05-01,14.55,2022-07-01,2022-05-01,2022-07-01,,11.10,,,,,ru,false,18
eCd4MBHIR4qUWapg05TFLQ==,game 3,2022-07-01,31.86,2022-06-01,25.65,2022-08-01,2022-06-01,2022-08-01,,6.21,,,,,ru,false,18
eCd4MBHIR4qUWapg05TFLQ==,game 3,2022-08-01,40.14,2022-07-01,31.86,2022-09-01,2022-07-01,2022-09-01,,8.28,,,,,ru,false,18
eCd4MBHIR4qUWapg05TFLQ==,game 3,2022-09-01,22.92,2022-08-01,40.14,2022-10-01,2022-08-01,2022-10-01,,,17.22,,,,ru,false,18
eCd4MBHIR4qUWapg05TFLQ==,game 3,2022-10-01,70.95,2022-09-01,22.92,2022-11-01,2022-09-01,2022-11-01,,48.03,,,,,ru,false,18
eCd4MBHIR4qUWapg05TFLQ==,game 3,2022-11-01,12.93,2022-10-01,70.95,,2022-10-01,2022-12-01,,,58.02,,12.93,2022-12-01,ru,false,18
Ej00UDBb0OBlQliAnSIp+g==,game 3,2022-09-01,42.54,,,,2022-08-01,2022-10-01,42.54,,,,42.54,2022-10-01,uk,false,15
eLWkkjmSeHVGjb9tp+CJpQ==,game 3,2022-07-01,22.5,,,2022-08-01,2022-06-01,2022-08-01,22.5,,,,,,uk,false,19
eLWkkjmSeHVGjb9tp+CJpQ==,game 3,2022-08-01,61.95,2022-07-01,22.5,2022-09-01,2022-07-01,2022-09-01,,39.45,,,,,uk,false,19
eLWkkjmSeHVGjb9tp+CJpQ==,game 3,2022-09-01,31.29,2022-08-01,61.95,,2022-08-01,2022-10-01,,,30.66,,31.29,2022-10-01,uk,false,19
eoqO46DzxSrKA2rredUNyQ==,game 3,2022-06-01,13.5,,,2022-07-01,2022-05-01,2022-07-01,13.5,,,,,,uk,false,24
eoqO46DzxSrKA2rredUNyQ==,game 3,2022-07-01,60.72,2022-06-01,13.5,2022-08-01,2022-06-01,2022-08-01,,47.22,,,,,uk,false,24
eoqO46DzxSrKA2rredUNyQ==,game 3,2022-08-01,43.71,2022-07-01,60.72,2022-09-01,2022-07-01,2022-09-01,,,17.01,,,,uk,false,24
eoqO46DzxSrKA2rredUNyQ==,game 3,2022-09-01,13.89,2022-08-01,43.71,2022-10-01,2022-08-01,2022-10-01,,,29.82,,,,uk,false,24
eoqO46DzxSrKA2rredUNyQ==,game 3,2022-10-01,189.12,2022-09-01,13.89,,2022-09-01,2022-11-01,,175.23,,,189.12,2022-11-01,uk,false,24
EPRgsEIjWdzmRbzsHZ48zg==,game 3,2022-09-01,62.16,,,2022-10-01,2022-08-01,2022-10-01,62.16,,,,,,uk,false,25
EPRgsEIjWdzmRbzsHZ48zg==,game 3,2022-10-01,130.77,2022-09-01,62.16,2022-11-01,2022-09-01,2022-11-01,,68.61,,,,,uk,false,25
EPRgsEIjWdzmRbzsHZ48zg==,game 3,2022-11-01,43.11,2022-10-01,130.77,2022-12-01,2022-10-01,2022-12-01,,,87.66,,,,uk,false,25
EPRgsEIjWdzmRbzsHZ48zg==,game 3,2022-12-01,30.54,2022-11-01,43.11,,2022-11-01,2023-01-01,,,12.57,,30.54,2023-01-01,uk,false,25
er3/fOrRpmyqiRaC0CaFcg==,game 3,2022-05-01,47.22,,,2022-06-01,2022-04-01,2022-06-01,47.22,,,,,,uk,false,21
er3/fOrRpmyqiRaC0CaFcg==,game 3,2022-06-01,103.71,2022-05-01,47.22,2022-07-01,2022-05-01,2022-07-01,,56.49,,,,,uk,false,21
er3/fOrRpmyqiRaC0CaFcg==,game 3,2022-07-01,39.87,2022-06-01,103.71,2022-08-01,2022-06-01,2022-08-01,,,63.84,,,,uk,false,21
er3/fOrRpmyqiRaC0CaFcg==,game 3,2022-08-01,65.52,2022-07-01,39.87,2022-09-01,2022-07-01,2022-09-01,,25.65,,,,,uk,false,21
er3/fOrRpmyqiRaC0CaFcg==,game 3,2022-09-01,57.27,2022-08-01,65.52,2022-11-01,2022-08-01,2022-10-01,,,8.25,,57.27,2022-10-01,uk,false,21
er3/fOrRpmyqiRaC0CaFcg==,game 3,2022-11-01,74.37,2022-09-01,57.27,2022-12-01,2022-10-01,2022-12-01,,,,74.37,,,uk,false,21
er3/fOrRpmyqiRaC0CaFcg==,game 3,2022-12-01,24.21,2022-11-01,74.37,,2022-11-01,2023-01-01,,,50.16,,24.21,2023-01-01,uk,false,21
F03P4YcFbbtcWUlujjIQmQ==,game 3,2022-07-01,33.24,,,2022-08-01,2022-06-01,2022-08-01,33.24,,,,,,ru,true,20
F03P4YcFbbtcWUlujjIQmQ==,game 3,2022-08-01,37.23,2022-07-01,33.24,2022-09-01,2022-07-01,2022-09-01,,3.99,,,,,ru,true,20
F03P4YcFbbtcWUlujjIQmQ==,game 3,2022-09-01,79.08,2022-08-01,37.23,2022-10-01,2022-08-01,2022-10-01,,41.85,,,,,ru,true,20
F03P4YcFbbtcWUlujjIQmQ==,game 3,2022-10-01,136.86,2022-09-01,79.08,2022-11-01,2022-09-01,2022-11-01,,57.78,,,,,ru,true,20
F03P4YcFbbtcWUlujjIQmQ==,game 3,2022-11-01,58.95,2022-10-01,136.86,2022-12-01,2022-10-01,2022-12-01,,,77.91,,,,ru,true,20
F03P4YcFbbtcWUlujjIQmQ==,game 3,2022-12-01,47.13,2022-11-01,58.95,,2022-11-01,2023-01-01,,,11.82,,47.13,2023-01-01,ru,true,20
F7cC4XEymgoRKeijWu63+w==,game 3,2022-12-01,24.33,,,,2022-11-01,2023-01-01,24.33,,,,24.33,2023-01-01,uk,false,16
f9cWBjiN4c8lXAkBhdqK6Q==,game 3,2022-09-01,23.13,,,2022-10-01,2022-08-01,2022-10-01,23.13,,,,,,uk,false,21
f9cWBjiN4c8lXAkBhdqK6Q==,game 3,2022-10-01,111.36,2022-09-01,23.13,2022-11-01,2022-09-01,2022-11-01,,88.23,,,,,uk,false,21
f9cWBjiN4c8lXAkBhdqK6Q==,game 3,2022-11-01,54.81,2022-10-01,111.36,,2022-10-01,2022-12-01,,,56.55,,54.81,2022-12-01,uk,false,21
F9Jtg6+0qPUKWDgBJxG8cA==,game 3,2022-04-01,48.45,,,2022-06-01,2022-03-01,2022-05-01,48.45,,,,48.45,2022-05-01,ru,false,18
F9Jtg6+0qPUKWDgBJxG8cA==,game 3,2022-06-01,89.07,2022-04-01,48.45,2022-07-01,2022-05-01,2022-07-01,,,,89.07,,,ru,false,18
F9Jtg6+0qPUKWDgBJxG8cA==,game 3,2022-07-01,31.59,2022-06-01,89.07,2022-08-01,2022-06-01,2022-08-01,,,57.48,,,,ru,false,18
F9Jtg6+0qPUKWDgBJxG8cA==,game 3,2022-08-01,30.39,2022-07-01,31.59,2022-11-01,2022-07-01,2022-09-01,,,1.20,,30.39,2022-09-01,ru,false,18
F9Jtg6+0qPUKWDgBJxG8cA==,game 3,2022-11-01,22.14,2022-08-01,30.39,,2022-10-01,2022-12-01,,,,22.14,22.14,2022-12-01,ru,false,18
FbbhrtuL39vfmatF2ObVfA==,game 3,2022-09-01,42.60,,,2022-10-01,2022-08-01,2022-10-01,42.60,,,,,,uk,false,16
FbbhrtuL39vfmatF2ObVfA==,game 3,2022-10-01,114.09,2022-09-01,42.60,2022-11-01,2022-09-01,2022-11-01,,71.49,,,,,uk,false,16
FbbhrtuL39vfmatF2ObVfA==,game 3,2022-11-01,112.86,2022-10-01,114.09,2022-12-01,2022-10-01,2022-12-01,,,1.23,,,,uk,false,16
FbbhrtuL39vfmatF2ObVfA==,game 3,2022-12-01,14.67,2022-11-01,112.86,,2022-11-01,2023-01-01,,,98.19,,14.67,2023-01-01,uk,false,16
fCdEizmUtnjNYQLbx81H8g==,game 3,2022-04-01,18.12,,,,2022-03-01,2022-05-01,18.12,,,,18.12,2022-05-01,ru,false,16
fDgyPW0yy0+9ietMvl0vmA==,game 3,2022-06-01,19.98,,,2022-07-01,2022-05-01,2022-07-01,19.98,,,,,,ru,false,18
fDgyPW0yy0+9ietMvl0vmA==,game 3,2022-07-01,32.94,2022-06-01,19.98,2022-08-01,2022-06-01,2022-08-01,,12.96,,,,,ru,false,18
fDgyPW0yy0+9ietMvl0vmA==,game 3,2022-08-01,65.34,2022-07-01,32.94,2022-11-01,2022-07-01,2022-09-01,,32.40,,,65.34,2022-09-01,ru,false,18
fDgyPW0yy0+9ietMvl0vmA==,game 3,2022-11-01,34.71,2022-08-01,65.34,,2022-10-01,2022-12-01,,,,34.71,34.71,2022-12-01,ru,false,18
FfphIhReAA2romBynjqxqw==,game 3,2022-09-01,70.80,,,,2022-08-01,2022-10-01,70.80,,,,70.80,2022-10-01,uk,false,19
fFqrZjaytcDUnW57W7PRJA==,game 3,2022-12-01,76.14,,,,2022-11-01,2023-01-01,76.14,,,,76.14,2023-01-01,uk,false,22
FgwYf9VO+gnaxZ7EXY0CkQ==,game 3,2022-09-01,14.88,,,2022-11-01,2022-08-01,2022-10-01,14.88,,,,14.88,2022-10-01,uk,false,39
FgwYf9VO+gnaxZ7EXY0CkQ==,game 3,2022-11-01,13.29,2022-09-01,14.88,,2022-10-01,2022-12-01,,,,13.29,13.29,2022-12-01,uk,false,39
fH7uxifYBCx0TULRrcqajg==,game 3,2022-11-01,15.51,,,2022-12-01,2022-10-01,2022-12-01,15.51,,,,,,uk,false,23
fH7uxifYBCx0TULRrcqajg==,game 3,2022-12-01,18.36,2022-11-01,15.51,,2022-11-01,2023-01-01,,2.85,,,18.36,2023-01-01,uk,false,23
FLqAK4qKiMkvlLBgGwbBnQ==,game 3,2022-05-01,24.36,,,2022-08-01,2022-04-01,2022-06-01,24.36,,,,24.36,2022-06-01,ru,false,31
FLqAK4qKiMkvlLBgGwbBnQ==,game 3,2022-08-01,53.28,2022-05-01,24.36,2022-09-01,2022-07-01,2022-09-01,,,,53.28,,,ru,false,31
FLqAK4qKiMkvlLBgGwbBnQ==,game 3,2022-09-01,44.70,2022-08-01,53.28,2022-10-01,2022-08-01,2022-10-01,,,8.58,,,,ru,false,31
FLqAK4qKiMkvlLBgGwbBnQ==,game 3,2022-10-01,16.05,2022-09-01,44.70,,2022-09-01,2022-11-01,,,28.65,,16.05,2022-11-01,ru,false,31
FnaqKQlPHm2pH1+S+K+Gfg==,game 3,2022-10-01,15.48,,,2022-11-01,2022-09-01,2022-11-01,15.48,,,,,,uk,false,19
FnaqKQlPHm2pH1+S+K+Gfg==,game 3,2022-11-01,37.20,2022-10-01,15.48,2022-12-01,2022-10-01,2022-12-01,,21.72,,,,,uk,false,19
FnaqKQlPHm2pH1+S+K+Gfg==,game 3,2022-12-01,23.85,2022-11-01,37.20,,2022-11-01,2023-01-01,,,13.35,,23.85,2023-01-01,uk,false,19
fNc4x9raJu2OBcbtEloM7A==,game 3,2022-08-01,15.84,,,,2022-07-01,2022-09-01,15.84,,,,15.84,2022-09-01,ru,false,35
fq8oNQ55zdVqL3GK0IjuYg==,game 3,2022-10-01,31.74,,,,2022-09-01,2022-11-01,31.74,,,,31.74,2022-11-01,uk,false,25
Fqu+/F0rn1G4YP3f3yHA1Q==,game 3,2022-04-01,26.28,,,2022-05-01,2022-03-01,2022-05-01,26.28,,,,,,uk,false,21
Fqu+/F0rn1G4YP3f3yHA1Q==,game 3,2022-05-01,20.73,2022-04-01,26.28,2022-07-01,2022-04-01,2022-06-01,,,5.55,,20.73,2022-06-01,uk,false,21
Fqu+/F0rn1G4YP3f3yHA1Q==,game 3,2022-07-01,36.66,2022-05-01,20.73,2022-09-01,2022-06-01,2022-08-01,,,,36.66,36.66,2022-08-01,uk,false,21
Fqu+/F0rn1G4YP3f3yHA1Q==,game 3,2022-09-01,29.34,2022-07-01,36.66,2022-10-01,2022-08-01,2022-10-01,,,,29.34,,,uk,false,21
Fqu+/F0rn1G4YP3f3yHA1Q==,game 3,2022-10-01,33.69,2022-09-01,29.34,2022-11-01,2022-09-01,2022-11-01,,4.35,,,,,uk,false,21
Fqu+/F0rn1G4YP3f3yHA1Q==,game 3,2022-11-01,25.47,2022-10-01,33.69,2022-12-01,2022-10-01,2022-12-01,,,8.22,,,,uk,false,21
Fqu+/F0rn1G4YP3f3yHA1Q==,game 3,2022-12-01,26.16,2022-11-01,25.47,,2022-11-01,2023-01-01,,0.69,,,26.16,2023-01-01,uk,false,21
fuL+cD0zV6Gn4ypTYmXUgw==,game 3,2022-07-01,57.39,,,2022-08-01,2022-06-01,2022-08-01,57.39,,,,,,uk,false,16
fuL+cD0zV6Gn4ypTYmXUgw==,game 3,2022-08-01,57.60,2022-07-01,57.39,2022-09-01,2022-07-01,2022-09-01,,0.21,,,,,uk,false,16
fuL+cD0zV6Gn4ypTYmXUgw==,game 3,2022-09-01,96.66,2022-08-01,57.60,2022-10-01,2022-08-01,2022-10-01,,39.06,,,,,uk,false,16
fuL+cD0zV6Gn4ypTYmXUgw==,game 3,2022-10-01,86.01,2022-09-01,96.66,2022-11-01,2022-09-01,2022-11-01,,,10.65,,,,uk,false,16
fuL+cD0zV6Gn4ypTYmXUgw==,game 3,2022-11-01,85.32,2022-10-01,86.01,2022-12-01,2022-10-01,2022-12-01,,,0.69,,,,uk,false,16
fuL+cD0zV6Gn4ypTYmXUgw==,game 3,2022-12-01,14.97,2022-11-01,85.32,,2022-11-01,2023-01-01,,,70.35,,14.97,2023-01-01,uk,false,16
fvYhEtD56gROaXqCi9/z/Q==,game 3,2022-07-01,72.57,,,2022-08-01,2022-06-01,2022-08-01,72.57,,,,,,uk,false,19
fvYhEtD56gROaXqCi9/z/Q==,game 3,2022-08-01,133.05,2022-07-01,72.57,2022-09-01,2022-07-01,2022-09-01,,60.48,,,,,uk,false,19
fvYhEtD56gROaXqCi9/z/Q==,game 3,2022-09-01,52.32,2022-08-01,133.05,2022-10-01,2022-08-01,2022-10-01,,,80.73,,,,uk,false,19
fvYhEtD56gROaXqCi9/z/Q==,game 3,2022-10-01,67.17,2022-09-01,52.32,2022-11-01,2022-09-01,2022-11-01,,14.85,,,,,uk,false,19
fvYhEtD56gROaXqCi9/z/Q==,game 3,2022-11-01,96.30,2022-10-01,67.17,2022-12-01,2022-10-01,2022-12-01,,29.13,,,,,uk,false,19
fvYhEtD56gROaXqCi9/z/Q==,game 3,2022-12-01,131.10,2022-11-01,96.30,,2022-11-01,2023-01-01,,34.80,,,131.10,2023-01-01,uk,false,19
Fx9+2aYPOHAS3fdXpLQ9Pg==,game 3,2022-03-01,12.54,,,2022-05-01,2022-02-01,2022-04-01,12.54,,,,12.54,2022-04-01,ru,false,35
Fx9+2aYPOHAS3fdXpLQ9Pg==,game 3,2022-05-01,31.56,2022-03-01,12.54,,2022-04-01,2022-06-01,,,,31.56,31.56,2022-06-01,ru,false,35
fXlo39/YD2z9SEVShTXp6w==,game 3,2022-05-01,17.34,,,,2022-04-01,2022-06-01,17.34,,,,17.34,2022-06-01,uk,false,34
G073LR6lQoatStpZMzNVOQ==,game 3,2022-09-01,35.10,,,2022-10-01,2022-08-01,2022-10-01,35.10,,,,,,uk,false,25
G073LR6lQoatStpZMzNVOQ==,game 3,2022-10-01,16.65,2022-09-01,35.10,2022-11-01,2022-09-01,2022-11-01,,,18.45,,,,uk,false,25
G073LR6lQoatStpZMzNVOQ==,game 3,2022-11-01,94.32,2022-10-01,16.65,2022-12-01,2022-10-01,2022-12-01,,77.67,,,,,uk,false,25
G073LR6lQoatStpZMzNVOQ==,game 3,2022-12-01,89.70,2022-11-01,94.32,,2022-11-01,2023-01-01,,,4.62,,89.70,2023-01-01,uk,false,25
G9053rs6jbKItKUhrUdLew==,game 3,2022-07-01,47.01,,,2022-08-01,2022-06-01,2022-08-01,47.01,,,,,,uk,false,27
G9053rs6jbKItKUhrUdLew==,game 3,2022-08-01,41.94,2022-07-01,47.01,2022-09-01,2022-07-01,2022-09-01,,,5.07,,,,uk,false,27
G9053rs6jbKItKUhrUdLew==,game 3,2022-09-01,64.95,2022-08-01,41.94,2022-11-01,2022-08-01,2022-10-01,,23.01,,,64.95,2022-10-01,uk,false,27
G9053rs6jbKItKUhrUdLew==,game 3,2022-11-01,103.92,2022-09-01,64.95,2022-12-01,2022-10-01,2022-12-01,,,,103.92,,,uk,false,27
G9053rs6jbKItKUhrUdLew==,game 3,2022-12-01,17.22,2022-11-01,103.92,,2022-11-01,2023-01-01,,,86.70,,17.22,2023-01-01,uk,false,27
GEAVJz1gd3SThbDZR01fcA==,game 3,2022-04-01,87.36,,,2022-05-01,2022-03-01,2022-05-01,87.36,,,,,,uk,false,14
GEAVJz1gd3SThbDZR01fcA==,game 3,2022-05-01,48.30,2022-04-01,87.36,2022-06-01,2022-04-01,2022-06-01,,,39.06,,,,uk,false,14
GEAVJz1gd3SThbDZR01fcA==,game 3,2022-06-01,36.06,2022-05-01,48.30,2022-07-01,2022-05-01,2022-07-01,,,12.24,,,,uk,false,14
GEAVJz1gd3SThbDZR01fcA==,game 3,2022-07-01,75.36,2022-06-01,36.06,2022-09-01,2022-06-01,2022-08-01,,39.30,,,75.36,2022-08-01,uk,false,14
GEAVJz1gd3SThbDZR01fcA==,game 3,2022-09-01,60.06,2022-07-01,75.36,2022-10-01,2022-08-01,2022-10-01,,,,60.06,,,uk,false,14
GEAVJz1gd3SThbDZR01fcA==,game 3,2022-10-01,26.22,2022-09-01,60.06,,2022-09-01,2022-11-01,,,33.84,,26.22,2022-11-01,uk,false,14
geIiJ1L04w2qAE0qzQUb2g==,game 3,2022-06-01,51.24,,,2022-07-01,2022-05-01,2022-07-01,51.24,,,,,,uk,false,23
geIiJ1L04w2qAE0qzQUb2g==,game 3,2022-07-01,107.07,2022-06-01,51.24,2022-08-01,2022-06-01,2022-08-01,,55.83,,,,,uk,false,23
geIiJ1L04w2qAE0qzQUb2g==,game 3,2022-08-01,30.18,2022-07-01,107.07,2022-09-01,2022-07-01,2022-09-01,,,76.89,,,,uk,false,23
geIiJ1L04w2qAE0qzQUb2g==,game 3,2022-09-01,22.92,2022-08-01,30.18,2022-10-01,2022-08-01,2022-10-01,,,7.26,,,,uk,false,23
geIiJ1L04w2qAE0qzQUb2g==,game 3,2022-10-01,37.17,2022-09-01,22.92,2022-11-01,2022-09-01,2022-11-01,,14.25,,,,,uk,false,23
geIiJ1L04w2qAE0qzQUb2g==,game 3,2022-11-01,21.54,2022-10-01,37.17,,2022-10-01,2022-12-01,,,15.63,,21.54,2022-12-01,uk,false,23
GeLWEsTiQ25xFxDGxLyEJg==,game 3,2022-12-01,16.5,,,,2022-11-01,2023-01-01,16.5,,,,16.5,2023-01-01,uk,false,26
GetHmCsisRTAnwhuBEMa9Q==,game 3,2022-11-01,119.55,,,2022-12-01,2022-10-01,2022-12-01,119.55,,,,,,ru,false,16
GetHmCsisRTAnwhuBEMa9Q==,game 3,2022-12-01,160.38,2022-11-01,119.55,,2022-11-01,2023-01-01,,40.83,,,160.38,2023-01-01,ru,false,16
Ghk2iJmzSUW4qLsmJgwOcw==,game 3,2022-03-01,17.13,,,2022-04-01,2022-02-01,2022-04-01,17.13,,,,,,uk,false,16
Ghk2iJmzSUW4qLsmJgwOcw==,game 3,2022-04-01,128.40,2022-03-01,17.13,2022-05-01,2022-03-01,2022-05-01,,111.27,,,,,uk,false,16
Ghk2iJmzSUW4qLsmJgwOcw==,game 3,2022-05-01,67.29,2022-04-01,128.40,2022-06-01,2022-04-01,2022-06-01,,,61.11,,,,uk,false,16
Ghk2iJmzSUW4qLsmJgwOcw==,game 3,2022-06-01,82.80,2022-05-01,67.29,2022-07-01,2022-05-01,2022-07-01,,15.51,,,,,uk,false,16
Ghk2iJmzSUW4qLsmJgwOcw==,game 3,2022-07-01,45.96,2022-06-01,82.80,2022-08-01,2022-06-01,2022-08-01,,,36.84,,,,uk,false,16
Ghk2iJmzSUW4qLsmJgwOcw==,game 3,2022-08-01,77.82,2022-07-01,45.96,2022-10-01,2022-07-01,2022-09-01,,31.86,,,77.82,2022-09-01,uk,false,16
Ghk2iJmzSUW4qLsmJgwOcw==,game 3,2022-10-01,152.43,2022-08-01,77.82,2022-11-01,2022-09-01,2022-11-01,,,,152.43,,,uk,false,16
Ghk2iJmzSUW4qLsmJgwOcw==,game 3,2022-11-01,76.14,2022-10-01,152.43,2022-12-01,2022-10-01,2022-12-01,,,76.29,,,,uk,false,16
Ghk2iJmzSUW4qLsmJgwOcw==,game 3,2022-12-01,48.75,2022-11-01,76.14,,2022-11-01,2023-01-01,,,27.39,,48.75,2023-01-01,uk,false,16
GjL6ipu28pHPFxZJPuplNQ==,game 3,2022-08-01,16.44,,,,2022-07-01,2022-09-01,16.44,,,,16.44,2022-09-01,uk,false,28
GOl6BQXsy0zvbvIWIoKEQw==,game 3,2022-05-01,64.65,,,2022-07-01,2022-04-01,2022-06-01,64.65,,,,64.65,2022-06-01,ru,false,18
GOl6BQXsy0zvbvIWIoKEQw==,game 3,2022-07-01,114.75,2022-05-01,64.65,2022-08-01,2022-06-01,2022-08-01,,,,114.75,,,ru,false,18
GOl6BQXsy0zvbvIWIoKEQw==,game 3,2022-08-01,76.23,2022-07-01,114.75,2022-09-01,2022-07-01,2022-09-01,,,38.52,,,,ru,false,18
GOl6BQXsy0zvbvIWIoKEQw==,game 3,2022-09-01,18.27,2022-08-01,76.23,2022-10-01,2022-08-01,2022-10-01,,,57.96,,,,ru,false,18
GOl6BQXsy0zvbvIWIoKEQw==,game 3,2022-10-01,139.68,2022-09-01,18.27,2022-11-01,2022-09-01,2022-11-01,,121.41,,,,,ru,false,18
GOl6BQXsy0zvbvIWIoKEQw==,game 3,2022-11-01,53.49,2022-10-01,139.68,,2022-10-01,2022-12-01,,,86.19,,53.49,2022-12-01,ru,false,18
G+PCL1Jo+k4D3zpLGa3+aQ==,game 3,2022-09-01,18.12,,,2022-10-01,2022-08-01,2022-10-01,18.12,,,,,,uk,true,25
G+PCL1Jo+k4D3zpLGa3+aQ==,game 3,2022-10-01,23.1,2022-09-01,18.12,2022-11-01,2022-09-01,2022-11-01,,4.98,,,,,uk,true,25
G+PCL1Jo+k4D3zpLGa3+aQ==,game 3,2022-11-01,21.66,2022-10-01,23.1,2022-12-01,2022-10-01,2022-12-01,,,1.44,,,,uk,true,25
G+PCL1Jo+k4D3zpLGa3+aQ==,game 3,2022-12-01,54.00,2022-11-01,21.66,,2022-11-01,2023-01-01,,32.34,,,54.00,2023-01-01,uk,true,25
gPRMy8HkmaiyX+13OxuP/A==,game 3,2022-04-01,55.86,,,2022-05-01,2022-03-01,2022-05-01,55.86,,,,,,ru,false,21
gPRMy8HkmaiyX+13OxuP/A==,game 3,2022-05-01,22.17,2022-04-01,55.86,2022-06-01,2022-04-01,2022-06-01,,,33.69,,,,ru,false,21
gPRMy8HkmaiyX+13OxuP/A==,game 3,2022-06-01,41.52,2022-05-01,22.17,2022-07-01,2022-05-01,2022-07-01,,19.35,,,,,ru,false,21
gPRMy8HkmaiyX+13OxuP/A==,game 3,2022-07-01,85.17,2022-06-01,41.52,2022-08-01,2022-06-01,2022-08-01,,43.65,,,,,ru,false,21
gPRMy8HkmaiyX+13OxuP/A==,game 3,2022-08-01,17.4,2022-07-01,85.17,2022-09-01,2022-07-01,2022-09-01,,,67.77,,,,ru,false,21
gPRMy8HkmaiyX+13OxuP/A==,game 3,2022-09-01,53.52,2022-08-01,17.4,2022-10-01,2022-08-01,2022-10-01,,36.12,,,,,ru,false,21
gPRMy8HkmaiyX+13OxuP/A==,game 3,2022-10-01,38.22,2022-09-01,53.52,2022-11-01,2022-09-01,2022-11-01,,,15.30,,,,ru,false,21
gPRMy8HkmaiyX+13OxuP/A==,game 3,2022-11-01,29.34,2022-10-01,38.22,,2022-10-01,2022-12-01,,,8.88,,29.34,2022-12-01,ru,false,21
Grpkzd4XIHh+ZbTMNxnUGg==,game 3,2022-04-01,35.55,,,2022-05-01,2022-03-01,2022-05-01,35.55,,,,,,ru,false,30
Grpkzd4XIHh+ZbTMNxnUGg==,game 3,2022-05-01,41.88,2022-04-01,35.55,2022-06-01,2022-04-01,2022-06-01,,6.33,,,,,ru,false,30
Grpkzd4XIHh+ZbTMNxnUGg==,game 3,2022-06-01,14.49,2022-05-01,41.88,2022-10-01,2022-05-01,2022-07-01,,,27.39,,14.49,2022-07-01,ru,false,30
Grpkzd4XIHh+ZbTMNxnUGg==,game 3,2022-10-01,17.16,2022-06-01,14.49,,2022-09-01,2022-11-01,,,,17.16,17.16,2022-11-01,ru,false,30
gT0iqDKuIXNm4ceMd9eZ1A==,game 3,2022-07-01,92.19,,,2022-08-01,2022-06-01,2022-08-01,92.19,,,,,,uk,false,20
gT0iqDKuIXNm4ceMd9eZ1A==,game 3,2022-08-01,57.78,2022-07-01,92.19,2022-09-01,2022-07-01,2022-09-01,,,34.41,,,,uk,false,20
gT0iqDKuIXNm4ceMd9eZ1A==,game 3,2022-09-01,49.95,2022-08-01,57.78,2022-10-01,2022-08-01,2022-10-01,,,7.83,,,,uk,false,20
gT0iqDKuIXNm4ceMd9eZ1A==,game 3,2022-10-01,38.85,2022-09-01,49.95,2022-11-01,2022-09-01,2022-11-01,,,11.10,,,,uk,false,20
gT0iqDKuIXNm4ceMd9eZ1A==,game 3,2022-11-01,48.15,2022-10-01,38.85,2022-12-01,2022-10-01,2022-12-01,,9.30,,,,,uk,false,20
gT0iqDKuIXNm4ceMd9eZ1A==,game 3,2022-12-01,23.34,2022-11-01,48.15,,2022-11-01,2023-01-01,,,24.81,,23.34,2023-01-01,uk,false,20
GUNmu9bjwltT1/vYgzDEDQ==,game 3,2022-06-01,13.56,,,,2022-05-01,2022-07-01,13.56,,,,13.56,2022-07-01,uk,true,16
gxZPbCoYIu8slavUm05KGA==,game 3,2022-08-01,19.8,,,2022-09-01,2022-07-01,2022-09-01,19.8,,,,,,ru,false,14
gxZPbCoYIu8slavUm05KGA==,game 3,2022-09-01,49.50,2022-08-01,19.8,2022-10-01,2022-08-01,2022-10-01,,29.70,,,,,ru,false,14
gxZPbCoYIu8slavUm05KGA==,game 3,2022-10-01,14.91,2022-09-01,49.50,2022-11-01,2022-09-01,2022-11-01,,,34.59,,,,ru,false,14
gxZPbCoYIu8slavUm05KGA==,game 3,2022-11-01,29.22,2022-10-01,14.91,2022-12-01,2022-10-01,2022-12-01,,14.31,,,,,ru,false,14
gxZPbCoYIu8slavUm05KGA==,game 3,2022-12-01,34.14,2022-11-01,29.22,,2022-11-01,2023-01-01,,4.92,,,34.14,2023-01-01,ru,false,14
H2Tik+BqoLgAQX4uSw/8vA==,game 3,2022-04-01,14.34,,,2022-05-01,2022-03-01,2022-05-01,14.34,,,,,,uk,false,30
H2Tik+BqoLgAQX4uSw/8vA==,game 3,2022-05-01,12.09,2022-04-01,14.34,2022-06-01,2022-04-01,2022-06-01,,,2.25,,,,uk,false,30
H2Tik+BqoLgAQX4uSw/8vA==,game 3,2022-06-01,51.21,2022-05-01,12.09,2022-07-01,2022-05-01,2022-07-01,,39.12,,,,,uk,false,30
H2Tik+BqoLgAQX4uSw/8vA==,game 3,2022-07-01,18.12,2022-06-01,51.21,2022-09-01,2022-06-01,2022-08-01,,,33.09,,18.12,2022-08-01,uk,false,30
H2Tik+BqoLgAQX4uSw/8vA==,game 3,2022-09-01,26.73,2022-07-01,18.12,,2022-08-01,2022-10-01,,,,26.73,26.73,2022-10-01,uk,false,30
H44DjZG42orzuBXLai7JkA==,game 3,2022-03-01,13.32,,,,2022-02-01,2022-04-01,13.32,,,,13.32,2022-04-01,ru,false,29
Hamw6F2EZmJfI2glmE2NEg==,game 3,2022-04-01,42.24,,,2022-05-01,2022-03-01,2022-05-01,42.24,,,,,,ru,true,24
Hamw6F2EZmJfI2glmE2NEg==,game 3,2022-05-01,15.6,2022-04-01,42.24,2022-06-01,2022-04-01,2022-06-01,,,26.64,,,,ru,true,24
Hamw6F2EZmJfI2glmE2NEg==,game 3,2022-06-01,32.07,2022-05-01,15.6,2022-07-01,2022-05-01,2022-07-01,,16.47,,,,,ru,true,24
Hamw6F2EZmJfI2glmE2NEg==,game 3,2022-07-01,55.89,2022-06-01,32.07,2022-08-01,2022-06-01,2022-08-01,,23.82,,,,,ru,true,24
Hamw6F2EZmJfI2glmE2NEg==,game 3,2022-08-01,36.27,2022-07-01,55.89,2022-09-01,2022-07-01,2022-09-01,,,19.62,,,,ru,true,24
Hamw6F2EZmJfI2glmE2NEg==,game 3,2022-09-01,20.91,2022-08-01,36.27,2022-10-01,2022-08-01,2022-10-01,,,15.36,,,,ru,true,24
Hamw6F2EZmJfI2glmE2NEg==,game 3,2022-10-01,19.02,2022-09-01,20.91,2022-11-01,2022-09-01,2022-11-01,,,1.89,,,,ru,true,24
Hamw6F2EZmJfI2glmE2NEg==,game 3,2022-11-01,20.97,2022-10-01,19.02,,2022-10-01,2022-12-01,,1.95,,,20.97,2022-12-01,ru,true,24
hi1ErLiMLDP0HWvMqLKv6g==,game 3,2022-07-01,117.78,,,2022-08-01,2022-06-01,2022-08-01,117.78,,,,,,ru,false,18
hi1ErLiMLDP0HWvMqLKv6g==,game 3,2022-08-01,32.13,2022-07-01,117.78,2022-09-01,2022-07-01,2022-09-01,,,85.65,,,,ru,false,18
hi1ErLiMLDP0HWvMqLKv6g==,game 3,2022-09-01,79.56,2022-08-01,32.13,2022-10-01,2022-08-01,2022-10-01,,47.43,,,,,ru,false,18
hi1ErLiMLDP0HWvMqLKv6g==,game 3,2022-10-01,55.11,2022-09-01,79.56,2022-11-01,2022-09-01,2022-11-01,,,24.45,,,,ru,false,18
hi1ErLiMLDP0HWvMqLKv6g==,game 3,2022-11-01,62.55,2022-10-01,55.11,2022-12-01,2022-10-01,2022-12-01,,7.44,,,,,ru,false,18
hi1ErLiMLDP0HWvMqLKv6g==,game 3,2022-12-01,82.41,2022-11-01,62.55,,2022-11-01,2023-01-01,,19.86,,,82.41,2023-01-01,ru,false,18
HJccOn6v5KHqBa8wRu42oQ==,game 3,2022-03-01,27.6,,,2022-05-01,2022-02-01,2022-04-01,27.6,,,,27.6,2022-04-01,uk,false,20
HJccOn6v5KHqBa8wRu42oQ==,game 3,2022-05-01,18.84,2022-03-01,27.6,2022-07-01,2022-04-01,2022-06-01,,,,18.84,18.84,2022-06-01,uk,false,20
HJccOn6v5KHqBa8wRu42oQ==,game 3,2022-07-01,25.2,2022-05-01,18.84,2022-09-01,2022-06-01,2022-08-01,,,,25.2,25.2,2022-08-01,uk,false,20
HJccOn6v5KHqBa8wRu42oQ==,game 3,2022-09-01,28.14,2022-07-01,25.2,,2022-08-01,2022-10-01,,,,28.14,28.14,2022-10-01,uk,false,20
hJC/g1L2PFnPlGoqsvD2/g==,game 3,2022-10-01,28.95,,,2022-11-01,2022-09-01,2022-11-01,28.95,,,,,,ru,false,26
hJC/g1L2PFnPlGoqsvD2/g==,game 3,2022-11-01,36.93,2022-10-01,28.95,,2022-10-01,2022-12-01,,7.98,,,36.93,2022-12-01,ru,false,26
HjI8n/FVfaGZ4bIEwrZPGw==,game 3,2022-06-01,31.80,,,,2022-05-01,2022-07-01,31.80,,,,31.80,2022-07-01,ru,false,29
hkNuy6dTFIFcsQQfT5YkwQ==,game 3,2022-04-01,20.25,,,,2022-03-01,2022-05-01,20.25,,,,20.25,2022-05-01,uk,false,21
HQB3hZuYcu0z8jVIl5bbug==,game 3,2022-10-01,61.80,,,2022-11-01,2022-09-01,2022-11-01,61.80,,,,,,uk,false,17
HQB3hZuYcu0z8jVIl5bbug==,game 3,2022-11-01,12.81,2022-10-01,61.80,2022-12-01,2022-10-01,2022-12-01,,,48.99,,,,uk,false,17
HQB3hZuYcu0z8jVIl5bbug==,game 3,2022-12-01,22.26,2022-11-01,12.81,,2022-11-01,2023-01-01,,9.45,,,22.26,2023-01-01,uk,false,17
HRBsRwGu5mkTvZBTNpA0tQ==,game 3,2022-04-01,59.64,,,2022-05-01,2022-03-01,2022-05-01,59.64,,,,,,ru,false,17
HRBsRwGu5mkTvZBTNpA0tQ==,game 3,2022-05-01,20.85,2022-04-01,59.64,,2022-04-01,2022-06-01,,,38.79,,20.85,2022-06-01,ru,false,17
hRkRI5YBVIH6bbqIDTbung==,game 3,2022-04-01,67.26,,,2022-05-01,2022-03-01,2022-05-01,67.26,,,,,,uk,false,19
hRkRI5YBVIH6bbqIDTbung==,game 3,2022-05-01,16.44,2022-04-01,67.26,,2022-04-01,2022-06-01,,,50.82,,16.44,2022-06-01,uk,false,19
hvvcK5gx+FdZE6DZA3df+Q==,game 3,2022-07-01,13.92,,,,2022-06-01,2022-08-01,13.92,,,,13.92,2022-08-01,uk,false,29
HWpnvfSvYzUsQCcCKhetIg==,game 3,2022-07-01,28.23,,,2022-08-01,2022-06-01,2022-08-01,28.23,,,,,,uk,false,19
HWpnvfSvYzUsQCcCKhetIg==,game 3,2022-08-01,102.48,2022-07-01,28.23,2022-09-01,2022-07-01,2022-09-01,,74.25,,,,,uk,false,19
HWpnvfSvYzUsQCcCKhetIg==,game 3,2022-09-01,36.90,2022-08-01,102.48,2022-10-01,2022-08-01,2022-10-01,,,65.58,,,,uk,false,19
HWpnvfSvYzUsQCcCKhetIg==,game 3,2022-10-01,67.02,2022-09-01,36.90,2022-11-01,2022-09-01,2022-11-01,,30.12,,,,,uk,false,19
HWpnvfSvYzUsQCcCKhetIg==,game 3,2022-11-01,73.20,2022-10-01,67.02,2022-12-01,2022-10-01,2022-12-01,,6.18,,,,,uk,false,19
HWpnvfSvYzUsQCcCKhetIg==,game 3,2022-12-01,91.77,2022-11-01,73.20,,2022-11-01,2023-01-01,,18.57,,,91.77,2023-01-01,uk,false,19
HxWcXHURvvtOJkrXAcDxQg==,game 3,2022-03-01,66.18,,,2022-04-01,2022-02-01,2022-04-01,66.18,,,,,,uk,false,15
HxWcXHURvvtOJkrXAcDxQg==,game 3,2022-04-01,82.53,2022-03-01,66.18,2022-05-01,2022-03-01,2022-05-01,,16.35,,,,,uk,false,15
HxWcXHURvvtOJkrXAcDxQg==,game 3,2022-05-01,122.94,2022-04-01,82.53,2022-06-01,2022-04-01,2022-06-01,,40.41,,,,,uk,false,15
HxWcXHURvvtOJkrXAcDxQg==,game 3,2022-06-01,66.96,2022-05-01,122.94,2022-07-01,2022-05-01,2022-07-01,,,55.98,,,,uk,false,15
HxWcXHURvvtOJkrXAcDxQg==,game 3,2022-07-01,41.67,2022-06-01,66.96,2022-08-01,2022-06-01,2022-08-01,,,25.29,,,,uk,false,15
HxWcXHURvvtOJkrXAcDxQg==,game 3,2022-08-01,71.64,2022-07-01,41.67,2022-09-01,2022-07-01,2022-09-01,,29.97,,,,,uk,false,15
HxWcXHURvvtOJkrXAcDxQg==,game 3,2022-09-01,42.72,2022-08-01,71.64,2022-10-01,2022-08-01,2022-10-01,,,28.92,,,,uk,false,15
HxWcXHURvvtOJkrXAcDxQg==,game 3,2022-10-01,38.40,2022-09-01,42.72,2022-11-01,2022-09-01,2022-11-01,,,4.32,,,,uk,false,15
HxWcXHURvvtOJkrXAcDxQg==,game 3,2022-11-01,62.07,2022-10-01,38.40,2022-12-01,2022-10-01,2022-12-01,,23.67,,,,,uk,false,15
HxWcXHURvvtOJkrXAcDxQg==,game 3,2022-12-01,17.52,2022-11-01,62.07,,2022-11-01,2023-01-01,,,44.55,,17.52,2023-01-01,uk,false,15
hZgZSp9Xf7/Bsye+tOipCA==,game 3,2022-12-01,62.82,,,,2022-11-01,2023-01-01,62.82,,,,62.82,2023-01-01,ru,false,19
HZqx1XVZ1mb7lM9T61x+DA==,game 3,2022-04-01,14.61,,,2022-08-01,2022-03-01,2022-05-01,14.61,,,,14.61,2022-05-01,ru,false,43
HZqx1XVZ1mb7lM9T61x+DA==,game 3,2022-08-01,13.47,2022-04-01,14.61,2022-11-01,2022-07-01,2022-09-01,,,,13.47,13.47,2022-09-01,ru,false,43
HZqx1XVZ1mb7lM9T61x+DA==,game 3,2022-11-01,13.86,2022-08-01,13.47,,2022-10-01,2022-12-01,,,,13.86,13.86,2022-12-01,ru,false,43
i0Pv5hwwYBxiPeCQ/AmnxQ==,game 3,2022-12-01,62.61,,,,2022-11-01,2023-01-01,62.61,,,,62.61,2023-01-01,ru,false,17
I8yTxTfERu6jtLOfWB0dFQ==,game 3,2022-09-01,43.29,,,,2022-08-01,2022-10-01,43.29,,,,43.29,2022-10-01,ru,false,33
ICBVvRc9TR+qF7IoBfEWsQ==,game 3,2022-08-01,44.37,,,2022-09-01,2022-07-01,2022-09-01,44.37,,,,,,uk,true,18
ICBVvRc9TR+qF7IoBfEWsQ==,game 3,2022-09-01,41.91,2022-08-01,44.37,2022-10-01,2022-08-01,2022-10-01,,,2.46,,,,uk,true,18
ICBVvRc9TR+qF7IoBfEWsQ==,game 3,2022-10-01,80.73,2022-09-01,41.91,2022-11-01,2022-09-01,2022-11-01,,38.82,,,,,uk,true,18
ICBVvRc9TR+qF7IoBfEWsQ==,game 3,2022-11-01,31.98,2022-10-01,80.73,,2022-10-01,2022-12-01,,,48.75,,31.98,2022-12-01,uk,true,18
IdKyooyTjAbvCA7p+ujKCw==,game 3,2022-05-01,153.54,,,2022-06-01,2022-04-01,2022-06-01,153.54,,,,,,uk,false,19
IdKyooyTjAbvCA7p+ujKCw==,game 3,2022-06-01,103.14,2022-05-01,153.54,2022-07-01,2022-05-01,2022-07-01,,,50.40,,,,uk,false,19
IdKyooyTjAbvCA7p+ujKCw==,game 3,2022-07-01,84.45,2022-06-01,103.14,2022-08-01,2022-06-01,2022-08-01,,,18.69,,,,uk,false,19
IdKyooyTjAbvCA7p+ujKCw==,game 3,2022-08-01,54.24,2022-07-01,84.45,2022-09-01,2022-07-01,2022-09-01,,,30.21,,,,uk,false,19
IdKyooyTjAbvCA7p+ujKCw==,game 3,2022-09-01,41.61,2022-08-01,54.24,2022-12-01,2022-08-01,2022-10-01,,,12.63,,41.61,2022-10-01,uk,false,19
IdKyooyTjAbvCA7p+ujKCw==,game 3,2022-12-01,46.56,2022-09-01,41.61,,2022-11-01,2023-01-01,,,,46.56,46.56,2023-01-01,uk,false,19
iFFApiXZ2wPdS666BLpKZw==,game 3,2022-03-01,26.85,,,2022-04-01,2022-02-01,2022-04-01,26.85,,,,,,uk,false,18
iFFApiXZ2wPdS666BLpKZw==,game 3,2022-04-01,49.92,2022-03-01,26.85,2022-06-01,2022-03-01,2022-05-01,,23.07,,,49.92,2022-05-01,uk,false,18
iFFApiXZ2wPdS666BLpKZw==,game 3,2022-06-01,34.89,2022-04-01,49.92,2022-07-01,2022-05-01,2022-07-01,,,,34.89,,,uk,false,18
iFFApiXZ2wPdS666BLpKZw==,game 3,2022-07-01,48.78,2022-06-01,34.89,2022-08-01,2022-06-01,2022-08-01,,13.89,,,,,uk,false,18
iFFApiXZ2wPdS666BLpKZw==,game 3,2022-08-01,18.42,2022-07-01,48.78,2022-09-01,2022-07-01,2022-09-01,,,30.36,,,,uk,false,18
iFFApiXZ2wPdS666BLpKZw==,game 3,2022-09-01,53.94,2022-08-01,18.42,2022-10-01,2022-08-01,2022-10-01,,35.52,,,,,uk,false,18
iFFApiXZ2wPdS666BLpKZw==,game 3,2022-10-01,15.48,2022-09-01,53.94,,2022-09-01,2022-11-01,,,38.46,,15.48,2022-11-01,uk,false,18
iFnn4bfYgNs8OS5MCcLjeA==,game 3,2022-04-01,18.39,,,2022-07-01,2022-03-01,2022-05-01,18.39,,,,18.39,2022-05-01,uk,false,28
iFnn4bfYgNs8OS5MCcLjeA==,game 3,2022-07-01,21.39,2022-04-01,18.39,2022-09-01,2022-06-01,2022-08-01,,,,21.39,21.39,2022-08-01,uk,false,28
iFnn4bfYgNs8OS5MCcLjeA==,game 3,2022-09-01,27.93,2022-07-01,21.39,2022-10-01,2022-08-01,2022-10-01,,,,27.93,,,uk,false,28
iFnn4bfYgNs8OS5MCcLjeA==,game 3,2022-10-01,61.77,2022-09-01,27.93,2022-11-01,2022-09-01,2022-11-01,,33.84,,,,,uk,false,28
iFnn4bfYgNs8OS5MCcLjeA==,game 3,2022-11-01,15.0,2022-10-01,61.77,,2022-10-01,2022-12-01,,,46.77,,15.0,2022-12-01,uk,false,28
iG1GfeiUaaoT1pZksh8QKw==,game 3,2022-11-01,13.65,,,,2022-10-01,2022-12-01,13.65,,,,13.65,2022-12-01,uk,false,39
iIytnKqiHLJVVoC/S4HgPQ==,game 3,2022-07-01,12.51,,,,2022-06-01,2022-08-01,12.51,,,,12.51,2022-08-01,ru,false,24
ildaqkizLaFesmkjCvlzmQ==,game 3,2022-06-01,54.54,,,2022-07-01,2022-05-01,2022-07-01,54.54,,,,,,uk,false,24
ildaqkizLaFesmkjCvlzmQ==,game 3,2022-07-01,17.07,2022-06-01,54.54,2022-08-01,2022-06-01,2022-08-01,,,37.47,,,,uk,false,24
ildaqkizLaFesmkjCvlzmQ==,game 3,2022-08-01,58.23,2022-07-01,17.07,2022-09-01,2022-07-01,2022-09-01,,41.16,,,,,uk,false,24
ildaqkizLaFesmkjCvlzmQ==,game 3,2022-09-01,50.19,2022-08-01,58.23,2022-11-01,2022-08-01,2022-10-01,,,8.04,,50.19,2022-10-01,uk,false,24
ildaqkizLaFesmkjCvlzmQ==,game 3,2022-11-01,12.12,2022-09-01,50.19,,2022-10-01,2022-12-01,,,,12.12,12.12,2022-12-01,uk,false,24
ilnMSoPJHAYMegDX02XG+w==,game 3,2022-04-01,54.03,,,2022-05-01,2022-03-01,2022-05-01,54.03,,,,,,uk,false,25
ilnMSoPJHAYMegDX02XG+w==,game 3,2022-05-01,64.86,2022-04-01,54.03,,2022-04-01,2022-06-01,,10.83,,,64.86,2022-06-01,uk,false,25
IS/yKhM20myJT0Ua+1Rk1w==,game 1,2022-11-01,30.54,,,,2022-10-01,2022-12-01,30.54,,,,30.54,2022-12-01,uk,false,26
iw2tiT4Ar7pk2PlF0Jd6Yw==,game 3,2022-12-01,78.00,,,,2022-11-01,2023-01-01,78.00,,,,78.00,2023-01-01,ru,false,25
J6WNl39fdxaY8ZtvV8wNkw==,game 3,2022-03-01,16.14,,,2022-04-01,2022-02-01,2022-04-01,16.14,,,,,,uk,true,18
J6WNl39fdxaY8ZtvV8wNkw==,game 3,2022-04-01,18.42,2022-03-01,16.14,2022-05-01,2022-03-01,2022-05-01,,2.28,,,,,uk,true,18
J6WNl39fdxaY8ZtvV8wNkw==,game 3,2022-05-01,24.99,2022-04-01,18.42,2022-06-01,2022-04-01,2022-06-01,,6.57,,,,,uk,true,18
J6WNl39fdxaY8ZtvV8wNkw==,game 3,2022-06-01,41.85,2022-05-01,24.99,,2022-05-01,2022-07-01,,16.86,,,41.85,2022-07-01,uk,true,18
JBV4ilPNTtWevrqq146kyg==,game 3,2022-06-01,16.38,,,2022-07-01,2022-05-01,2022-07-01,16.38,,,,,,uk,false,43
JBV4ilPNTtWevrqq146kyg==,game 3,2022-07-01,34.59,2022-06-01,16.38,,2022-06-01,2022-08-01,,18.21,,,34.59,2022-08-01,uk,false,43
jKSOgyMP0Yzld1pVpvyYrg==,game 3,2022-05-01,15.06,,,2022-08-01,2022-04-01,2022-06-01,15.06,,,,15.06,2022-06-01,uk,false,36
jKSOgyMP0Yzld1pVpvyYrg==,game 3,2022-08-01,26.31,2022-05-01,15.06,2022-11-01,2022-07-01,2022-09-01,,,,26.31,26.31,2022-09-01,uk,false,36
jKSOgyMP0Yzld1pVpvyYrg==,game 3,2022-11-01,12.6,2022-08-01,26.31,,2022-10-01,2022-12-01,,,,12.6,12.6,2022-12-01,uk,false,36
jM8s8LsWXTBSKnIgg7UVjQ==,game 3,2022-12-01,12.6,,,,2022-11-01,2023-01-01,12.6,,,,12.6,2023-01-01,uk,false,30
Jp0hnV9XOJGVV5jpFhlqgQ==,game 3,2022-03-01,122.64,,,2022-04-01,2022-02-01,2022-04-01,122.64,,,,,,uk,false,25
Jp0hnV9XOJGVV5jpFhlqgQ==,game 3,2022-04-01,56.16,2022-03-01,122.64,2022-05-01,2022-03-01,2022-05-01,,,66.48,,,,uk,false,25
Jp0hnV9XOJGVV5jpFhlqgQ==,game 3,2022-05-01,18.06,2022-04-01,56.16,2022-06-01,2022-04-01,2022-06-01,,,38.10,,,,uk,false,25
Jp0hnV9XOJGVV5jpFhlqgQ==,game 3,2022-06-01,63.39,2022-05-01,18.06,2022-08-01,2022-05-01,2022-07-01,,45.33,,,63.39,2022-07-01,uk,false,25
Jp0hnV9XOJGVV5jpFhlqgQ==,game 3,2022-08-01,56.10,2022-06-01,63.39,2022-10-01,2022-07-01,2022-09-01,,,,56.10,56.10,2022-09-01,uk,false,25
Jp0hnV9XOJGVV5jpFhlqgQ==,game 3,2022-10-01,46.89,2022-08-01,56.10,2022-11-01,2022-09-01,2022-11-01,,,,46.89,,,uk,false,25
Jp0hnV9XOJGVV5jpFhlqgQ==,game 3,2022-11-01,59.04,2022-10-01,46.89,,2022-10-01,2022-12-01,,12.15,,,59.04,2022-12-01,uk,false,25
jQW6YmVUlZdePPY7F9NgMg==,game 3,2022-09-01,12.12,,,2022-10-01,2022-08-01,2022-10-01,12.12,,,,,,uk,false,30
jQW6YmVUlZdePPY7F9NgMg==,game 3,2022-10-01,40.92,2022-09-01,12.12,2022-11-01,2022-09-01,2022-11-01,,28.80,,,,,uk,false,30
jQW6YmVUlZdePPY7F9NgMg==,game 3,2022-11-01,58.32,2022-10-01,40.92,,2022-10-01,2022-12-01,,17.40,,,58.32,2022-12-01,uk,false,30
juwM8fLyplCQTgKTP8dJgQ==,game 3,2022-07-01,15.45,,,2022-08-01,2022-06-01,2022-08-01,15.45,,,,,,ru,false,34
juwM8fLyplCQTgKTP8dJgQ==,game 3,2022-08-01,13.65,2022-07-01,15.45,2022-09-01,2022-07-01,2022-09-01,,,1.80,,,,ru,false,34
juwM8fLyplCQTgKTP8dJgQ==,game 3,2022-09-01,49.89,2022-08-01,13.65,2022-10-01,2022-08-01,2022-10-01,,36.24,,,,,ru,false,34
juwM8fLyplCQTgKTP8dJgQ==,game 3,2022-10-01,55.50,2022-09-01,49.89,2022-11-01,2022-09-01,2022-11-01,,5.61,,,,,ru,false,34
juwM8fLyplCQTgKTP8dJgQ==,game 3,2022-11-01,16.44,2022-10-01,55.50,,2022-10-01,2022-12-01,,,39.06,,16.44,2022-12-01,ru,false,34
jVhb69DTRT5TSWYEiUrlbg==,game 3,2022-03-01,17.46,,,2022-04-01,2022-02-01,2022-04-01,17.46,,,,,,uk,false,20
jVhb69DTRT5TSWYEiUrlbg==,game 3,2022-04-01,58.44,2022-03-01,17.46,2022-05-01,2022-03-01,2022-05-01,,40.98,,,,,uk,false,20
jVhb69DTRT5TSWYEiUrlbg==,game 3,2022-05-01,54.27,2022-04-01,58.44,2022-06-01,2022-04-01,2022-06-01,,,4.17,,,,uk,false,20
jVhb69DTRT5TSWYEiUrlbg==,game 3,2022-06-01,66.45,2022-05-01,54.27,2022-07-01,2022-05-01,2022-07-01,,12.18,,,,,uk,false,20
jVhb69DTRT5TSWYEiUrlbg==,game 3,2022-07-01,36.21,2022-06-01,66.45,2022-08-01,2022-06-01,2022-08-01,,,30.24,,,,uk,false,20
jVhb69DTRT5TSWYEiUrlbg==,game 3,2022-08-01,24.09,2022-07-01,36.21,2022-09-01,2022-07-01,2022-09-01,,,12.12,,,,uk,false,20
jVhb69DTRT5TSWYEiUrlbg==,game 3,2022-09-01,42.39,2022-08-01,24.09,2022-10-01,2022-08-01,2022-10-01,,18.30,,,,,uk,false,20
jVhb69DTRT5TSWYEiUrlbg==,game 3,2022-10-01,78.48,2022-09-01,42.39,2022-11-01,2022-09-01,2022-11-01,,36.09,,,,,uk,false,20
jVhb69DTRT5TSWYEiUrlbg==,game 3,2022-11-01,25.38,2022-10-01,78.48,2022-12-01,2022-10-01,2022-12-01,,,53.10,,,,uk,false,20
jVhb69DTRT5TSWYEiUrlbg==,game 3,2022-12-01,39.99,2022-11-01,25.38,,2022-11-01,2023-01-01,,14.61,,,39.99,2023-01-01,uk,false,20
JZddlB04roDQYT2zrRPBcA==,game 3,2022-08-01,12.45,,,,2022-07-01,2022-09-01,12.45,,,,12.45,2022-09-01,uk,false,44
K5c4Zypq0/6iQYmv/Dqm5A==,game 3,2022-10-01,24.96,,,2022-11-01,2022-09-01,2022-11-01,24.96,,,,,,uk,false,21
K5c4Zypq0/6iQYmv/Dqm5A==,game 3,2022-11-01,18.12,2022-10-01,24.96,,2022-10-01,2022-12-01,,,6.84,,18.12,2022-12-01,uk,false,21
K/6KHxREKTlFZXRfBNVNuQ==,game 3,2022-04-01,41.46,,,2022-05-01,2022-03-01,2022-05-01,41.46,,,,,,ru,false,19
K/6KHxREKTlFZXRfBNVNuQ==,game 3,2022-05-01,13.26,2022-04-01,41.46,2022-06-01,2022-04-01,2022-06-01,,,28.20,,,,ru,false,19
K/6KHxREKTlFZXRfBNVNuQ==,game 3,2022-06-01,14.64,2022-05-01,13.26,2022-07-01,2022-05-01,2022-07-01,,1.38,,,,,ru,false,19
K/6KHxREKTlFZXRfBNVNuQ==,game 3,2022-07-01,38.07,2022-06-01,14.64,2022-09-01,2022-06-01,2022-08-01,,23.43,,,38.07,2022-08-01,ru,false,19
K/6KHxREKTlFZXRfBNVNuQ==,game 3,2022-09-01,31.53,2022-07-01,38.07,2022-10-01,2022-08-01,2022-10-01,,,,31.53,,,ru,false,19
K/6KHxREKTlFZXRfBNVNuQ==,game 3,2022-10-01,16.83,2022-09-01,31.53,,2022-09-01,2022-11-01,,,14.70,,16.83,2022-11-01,ru,false,19
kAGCRMpNBghYDdEZ7r3Ptg==,game 2,2022-08-01,12.93,,,,2022-07-01,2022-09-01,12.93,,,,12.93,2022-09-01,en,false,31
KFO5m0KyIyGE1D5YZHC8Wg==,game 1,2022-10-01,25.71,,,,2022-09-01,2022-11-01,25.71,,,,25.71,2022-11-01,uk,true,21
kGxMA4SONgR8wL4JeeX8PQ==,game 3,2022-12-01,32.37,,,,2022-11-01,2023-01-01,32.37,,,,32.37,2023-01-01,uk,false,23
k+mv8oxK5y+607GU9LGO+A==,game 3,2022-10-01,49.65,,,2022-11-01,2022-09-01,2022-11-01,49.65,,,,,,uk,false,17
k+mv8oxK5y+607GU9LGO+A==,game 3,2022-11-01,32.76,2022-10-01,49.65,,2022-10-01,2022-12-01,,,16.89,,32.76,2022-12-01,uk,false,17
Krr8Kwf65LaX8LctHRsFWg==,game 3,2022-10-01,72.36,,,2022-11-01,2022-09-01,2022-11-01,72.36,,,,,,ru,false,16
Krr8Kwf65LaX8LctHRsFWg==,game 3,2022-11-01,65.40,2022-10-01,72.36,2022-12-01,2022-10-01,2022-12-01,,,6.96,,,,ru,false,16
Krr8Kwf65LaX8LctHRsFWg==,game 3,2022-12-01,47.88,2022-11-01,65.40,,2022-11-01,2023-01-01,,,17.52,,47.88,2023-01-01,ru,false,16
l3sFUsG2qpcnrEzwRnjvtQ==,game 3,2022-03-01,38.10,,,2022-04-01,2022-02-01,2022-04-01,38.10,,,,,,ru,false,15
l3sFUsG2qpcnrEzwRnjvtQ==,game 3,2022-04-01,59.73,2022-03-01,38.10,,2022-03-01,2022-05-01,,21.63,,,59.73,2022-05-01,ru,false,15
L3waZ4UDUTOCMfVcL29lGQ==,game 3,2022-12-01,45.06,,,,2022-11-01,2023-01-01,45.06,,,,45.06,2023-01-01,en,false,29
L8+KU8u6xftnkFVO501X7w==,game 3,2022-07-01,14.04,,,2022-08-01,2022-06-01,2022-08-01,14.04,,,,,,uk,false,30
L8+KU8u6xftnkFVO501X7w==,game 3,2022-08-01,14.55,2022-07-01,14.04,,2022-07-01,2022-09-01,,0.51,,,14.55,2022-09-01,uk,false,30
lCD23Awt3KotauWenCRr5w==,game 3,2022-04-01,47.94,,,2022-05-01,2022-03-01,2022-05-01,47.94,,,,,,uk,false,20
lCD23Awt3KotauWenCRr5w==,game 3,2022-05-01,90.75,2022-04-01,47.94,2022-07-01,2022-04-01,2022-06-01,,42.81,,,90.75,2022-06-01,uk,false,20
lCD23Awt3KotauWenCRr5w==,game 3,2022-07-01,22.98,2022-05-01,90.75,,2022-06-01,2022-08-01,,,,22.98,22.98,2022-08-01,uk,false,20
lGI5+OCzV6nnDMpyZWtZAg==,game 3,2022-05-01,17.25,,,,2022-04-01,2022-06-01,17.25,,,,17.25,2022-06-01,ru,false,18
lHTzlMgVj6HJZc31yCCDng==,game 3,2022-10-01,46.29,,,2022-11-01,2022-09-01,2022-11-01,46.29,,,,,,uk,false,19
lHTzlMgVj6HJZc31yCCDng==,game 3,2022-11-01,14.73,2022-10-01,46.29,,2022-10-01,2022-12-01,,,31.56,,14.73,2022-12-01,uk,false,19
lJW2nxFOiXDfsmSrwGsFQw==,game 3,2022-08-01,69.18,,,2022-09-01,2022-07-01,2022-09-01,69.18,,,,,,uk,false,20
lJW2nxFOiXDfsmSrwGsFQw==,game 3,2022-09-01,66.33,2022-08-01,69.18,2022-10-01,2022-08-01,2022-10-01,,,2.85,,,,uk,false,20
lJW2nxFOiXDfsmSrwGsFQw==,game 3,2022-10-01,23.79,2022-09-01,66.33,2022-12-01,2022-09-01,2022-11-01,,,42.54,,23.79,2022-11-01,uk,false,20
lJW2nxFOiXDfsmSrwGsFQw==,game 3,2022-12-01,31.38,2022-10-01,23.79,,2022-11-01,2023-01-01,,,,31.38,31.38,2023-01-01,uk,false,20
LO9NuZYI6zP2HXEBAS4wpw==,game 3,2022-09-01,15.78,,,2022-10-01,2022-08-01,2022-10-01,15.78,,,,,,uk,false,23
LO9NuZYI6zP2HXEBAS4wpw==,game 3,2022-10-01,29.31,2022-09-01,15.78,2022-11-01,2022-09-01,2022-11-01,,13.53,,,,,uk,false,23
LO9NuZYI6zP2HXEBAS4wpw==,game 3,2022-11-01,50.76,2022-10-01,29.31,2022-12-01,2022-10-01,2022-12-01,,21.45,,,,,uk,false,23
LO9NuZYI6zP2HXEBAS4wpw==,game 3,2022-12-01,45.60,2022-11-01,50.76,,2022-11-01,2023-01-01,,,5.16,,45.60,2023-01-01,uk,false,23
lP6BWSFF4OZeWp0jrAHY9g==,game 3,2022-05-01,13.2,,,2022-11-01,2022-04-01,2022-06-01,13.2,,,,13.2,2022-06-01,uk,false,29
lP6BWSFF4OZeWp0jrAHY9g==,game 3,2022-11-01,29.16,2022-05-01,13.2,2022-12-01,2022-10-01,2022-12-01,,,,29.16,,,uk,false,29
lP6BWSFF4OZeWp0jrAHY9g==,game 3,2022-12-01,36.6,2022-11-01,29.16,,2022-11-01,2023-01-01,,7.44,,,36.6,2023-01-01,uk,false,29
LuDHi0aoGmgpUtTGreh0fQ==,game 3,2022-12-01,12.09,,,,2022-11-01,2023-01-01,12.09,,,,12.09,2023-01-01,uk,true,22
Lug+Yg90jslWgHEN6dc+Ng==,game 3,2022-04-01,82.23,,,2022-06-01,2022-03-01,2022-05-01,82.23,,,,82.23,2022-05-01,uk,false,21
Lug+Yg90jslWgHEN6dc+Ng==,game 3,2022-06-01,18.66,2022-04-01,82.23,2022-07-01,2022-05-01,2022-07-01,,,,18.66,,,uk,false,21
Lug+Yg90jslWgHEN6dc+Ng==,game 3,2022-07-01,93.36,2022-06-01,18.66,2022-08-01,2022-06-01,2022-08-01,,74.70,,,,,uk,false,21
Lug+Yg90jslWgHEN6dc+Ng==,game 3,2022-08-01,58.50,2022-07-01,93.36,2022-11-01,2022-07-01,2022-09-01,,,34.86,,58.50,2022-09-01,uk,false,21
Lug+Yg90jslWgHEN6dc+Ng==,game 3,2022-11-01,13.08,2022-08-01,58.50,2022-12-01,2022-10-01,2022-12-01,,,,13.08,,,uk,false,21
Lug+Yg90jslWgHEN6dc+Ng==,game 3,2022-12-01,33.09,2022-11-01,13.08,,2022-11-01,2023-01-01,,20.01,,,33.09,2023-01-01,uk,false,21
L+wA3BIaEKSpxf2uqmtJxQ==,game 3,2022-11-01,68.43,,,2022-12-01,2022-10-01,2022-12-01,68.43,,,,,,uk,true,25
L+wA3BIaEKSpxf2uqmtJxQ==,game 3,2022-12-01,37.14,2022-11-01,68.43,,2022-11-01,2023-01-01,,,31.29,,37.14,2023-01-01,uk,true,25
LWAxWBdiFs/25YxI4ZGthA==,game 3,2022-05-01,86.46,,,2022-06-01,2022-04-01,2022-06-01,86.46,,,,,,ru,true,17
LWAxWBdiFs/25YxI4ZGthA==,game 3,2022-06-01,18.54,2022-05-01,86.46,,2022-05-01,2022-07-01,,,67.92,,18.54,2022-07-01,ru,true,17
lx3SsUV7NOrv93tCexVp5A==,game 3,2022-07-01,36.21,,,2022-08-01,2022-06-01,2022-08-01,36.21,,,,,,uk,false,16
lx3SsUV7NOrv93tCexVp5A==,game 3,2022-08-01,17.22,2022-07-01,36.21,2022-09-01,2022-07-01,2022-09-01,,,18.99,,,,uk,false,16
lx3SsUV7NOrv93tCexVp5A==,game 3,2022-09-01,23.85,2022-08-01,17.22,2022-10-01,2022-08-01,2022-10-01,,6.63,,,,,uk,false,16
lx3SsUV7NOrv93tCexVp5A==,game 3,2022-10-01,29.85,2022-09-01,23.85,2022-12-01,2022-09-01,2022-11-01,,6.00,,,29.85,2022-11-01,uk,false,16
lx3SsUV7NOrv93tCexVp5A==,game 3,2022-12-01,16.2,2022-10-01,29.85,,2022-11-01,2023-01-01,,,,16.2,16.2,2023-01-01,uk,false,16
m7Hk77dySHBbxrKgro1Hjg==,game 3,2022-07-01,22.77,,,2022-08-01,2022-06-01,2022-08-01,22.77,,,,,,uk,false,30
m7Hk77dySHBbxrKgro1Hjg==,game 3,2022-08-01,18.84,2022-07-01,22.77,2022-11-01,2022-07-01,2022-09-01,,,3.93,,18.84,2022-09-01,uk,false,30
m7Hk77dySHBbxrKgro1Hjg==,game 3,2022-11-01,13.89,2022-08-01,18.84,,2022-10-01,2022-12-01,,,,13.89,13.89,2022-12-01,uk,false,30
MAkig8NeMsTs73r6K0uDpA==,game 3,2022-09-01,14.55,,,2022-10-01,2022-08-01,2022-10-01,14.55,,,,,,uk,false,20
MAkig8NeMsTs73r6K0uDpA==,game 3,2022-10-01,48.27,2022-09-01,14.55,2022-11-01,2022-09-01,2022-11-01,,33.72,,,,,uk,false,20
MAkig8NeMsTs73r6K0uDpA==,game 3,2022-11-01,45.72,2022-10-01,48.27,2022-12-01,2022-10-01,2022-12-01,,,2.55,,,,uk,false,20
MAkig8NeMsTs73r6K0uDpA==,game 3,2022-12-01,18.0,2022-11-01,45.72,,2022-11-01,2023-01-01,,,27.72,,18.0,2023-01-01,uk,false,20
mcbWtEz8ADI9GXCi1lfaSA==,game 3,2022-08-01,16.05,,,,2022-07-01,2022-09-01,16.05,,,,16.05,2022-09-01,uk,true,17
mEqQ5vHXzsdrqHAQT3zs+g==,game 3,2022-11-01,12.54,,,2022-12-01,2022-10-01,2022-12-01,12.54,,,,,,uk,true,25
mEqQ5vHXzsdrqHAQT3zs+g==,game 3,2022-12-01,14.88,2022-11-01,12.54,,2022-11-01,2023-01-01,,2.34,,,14.88,2023-01-01,uk,true,25
mEtO8F+CRPGmaJ8SHa7BbA==,game 3,2022-08-01,26.70,,,2022-09-01,2022-07-01,2022-09-01,26.70,,,,,,uk,false,32
mEtO8F+CRPGmaJ8SHa7BbA==,game 3,2022-09-01,27.12,2022-08-01,26.70,2022-10-01,2022-08-01,2022-10-01,,0.42,,,,,uk,false,32
mEtO8F+CRPGmaJ8SHa7BbA==,game 3,2022-10-01,31.17,2022-09-01,27.12,2022-11-01,2022-09-01,2022-11-01,,4.05,,,,,uk,false,32
mEtO8F+CRPGmaJ8SHa7BbA==,game 3,2022-11-01,22.14,2022-10-01,31.17,,2022-10-01,2022-12-01,,,9.03,,22.14,2022-12-01,uk,false,32
MJrNeNCAIVBe/OSRGhrelw==,game 3,2022-10-01,69.78,,,,2022-09-01,2022-11-01,69.78,,,,69.78,2022-11-01,uk,true,21
MjzYQ3OFStqCMS3HzrxA2g==,game 3,2022-09-01,15.33,,,2022-11-01,2022-08-01,2022-10-01,15.33,,,,15.33,2022-10-01,ru,false,27
MjzYQ3OFStqCMS3HzrxA2g==,game 3,2022-11-01,21.45,2022-09-01,15.33,2022-12-01,2022-10-01,2022-12-01,,,,21.45,,,ru,false,27
MjzYQ3OFStqCMS3HzrxA2g==,game 3,2022-12-01,12.72,2022-11-01,21.45,,2022-11-01,2023-01-01,,,8.73,,12.72,2023-01-01,ru,false,27
mq7MyR1XHK5rM4mgtKjsgg==,game 3,2022-10-01,12.51,,,,2022-09-01,2022-11-01,12.51,,,,12.51,2022-11-01,uk,false,40
MRcEXu/KG95hsIyJM/816A==,game 3,2022-05-01,37.98,,,2022-06-01,2022-04-01,2022-06-01,37.98,,,,,,uk,false,32
MRcEXu/KG95hsIyJM/816A==,game 3,2022-06-01,23.4,2022-05-01,37.98,2022-07-01,2022-05-01,2022-07-01,,,14.58,,,,uk,false,32
MRcEXu/KG95hsIyJM/816A==,game 3,2022-07-01,14.73,2022-06-01,23.4,2022-08-01,2022-06-01,2022-08-01,,,8.67,,,,uk,false,32
MRcEXu/KG95hsIyJM/816A==,game 3,2022-08-01,26.13,2022-07-01,14.73,2022-09-01,2022-07-01,2022-09-01,,11.40,,,,,uk,false,32
MRcEXu/KG95hsIyJM/816A==,game 3,2022-09-01,14.67,2022-08-01,26.13,2022-10-01,2022-08-01,2022-10-01,,,11.46,,,,uk,false,32
MRcEXu/KG95hsIyJM/816A==,game 3,2022-10-01,32.10,2022-09-01,14.67,2022-11-01,2022-09-01,2022-11-01,,17.43,,,,,uk,false,32
MRcEXu/KG95hsIyJM/816A==,game 3,2022-11-01,37.92,2022-10-01,32.10,,2022-10-01,2022-12-01,,5.82,,,37.92,2022-12-01,uk,false,32
mRT725ZK68AhE3Sk9xH5cw==,game 3,2022-10-01,43.68,,,2022-11-01,2022-09-01,2022-11-01,43.68,,,,,,ru,false,29
mRT725ZK68AhE3Sk9xH5cw==,game 3,2022-11-01,17.28,2022-10-01,43.68,2022-12-01,2022-10-01,2022-12-01,,,26.40,,,,ru,false,29
mRT725ZK68AhE3Sk9xH5cw==,game 3,2022-12-01,50.28,2022-11-01,17.28,,2022-11-01,2023-01-01,,33.00,,,50.28,2023-01-01,ru,false,29
MSxDpyVU8A+9Wgmnb8b1IQ==,game 3,2022-08-01,68.43,,,2022-09-01,2022-07-01,2022-09-01,68.43,,,,,,uk,false,14
MSxDpyVU8A+9Wgmnb8b1IQ==,game 3,2022-09-01,27.54,2022-08-01,68.43,2022-10-01,2022-08-01,2022-10-01,,,40.89,,,,uk,false,14
MSxDpyVU8A+9Wgmnb8b1IQ==,game 3,2022-10-01,68.58,2022-09-01,27.54,2022-11-01,2022-09-01,2022-11-01,,41.04,,,,,uk,false,14
MSxDpyVU8A+9Wgmnb8b1IQ==,game 3,2022-11-01,28.08,2022-10-01,68.58,2022-12-01,2022-10-01,2022-12-01,,,40.50,,,,uk,false,14
MSxDpyVU8A+9Wgmnb8b1IQ==,game 3,2022-12-01,32.22,2022-11-01,28.08,,2022-11-01,2023-01-01,,4.14,,,32.22,2023-01-01,uk,false,14
mTha7D/MRe45dQaUAEKV3g==,game 3,2022-08-01,14.73,,,,2022-07-01,2022-09-01,14.73,,,,14.73,2022-09-01,uk,false,42
mXihLMwkG8RgO1jsFnJXnA==,game 3,2022-08-01,12.75,,,2022-09-01,2022-07-01,2022-09-01,12.75,,,,,,uk,false,32
mXihLMwkG8RgO1jsFnJXnA==,game 3,2022-09-01,26.31,2022-08-01,12.75,,2022-08-01,2022-10-01,,13.56,,,26.31,2022-10-01,uk,false,32
mY631USB1Y3/I1dHNhoEyA==,game 3,2022-11-01,15.3,,,2022-12-01,2022-10-01,2022-12-01,15.3,,,,,,uk,false,22
mY631USB1Y3/I1dHNhoEyA==,game 3,2022-12-01,36.36,2022-11-01,15.3,,2022-11-01,2023-01-01,,21.06,,,36.36,2023-01-01,uk,false,22
mzGpnrpyuOB+qfwTJ0XliQ==,game 3,2022-10-01,77.70,,,2022-11-01,2022-09-01,2022-11-01,77.70,,,,,,ru,false,16
mzGpnrpyuOB+qfwTJ0XliQ==,game 3,2022-11-01,42.57,2022-10-01,77.70,2022-12-01,2022-10-01,2022-12-01,,,35.13,,,,ru,false,16
mzGpnrpyuOB+qfwTJ0XliQ==,game 3,2022-12-01,25.74,2022-11-01,42.57,,2022-11-01,2023-01-01,,,16.83,,25.74,2023-01-01,ru,false,16
n8oSWohH4Vi8muIgqbRC+Q==,game 3,2022-12-01,26.7,,,,2022-11-01,2023-01-01,26.7,,,,26.7,2023-01-01,uk,false,14
NBaV27MmzBu99zAeNFSjUA==,game 3,2022-11-01,12.6,,,2022-12-01,2022-10-01,2022-12-01,12.6,,,,,,uk,false,26
NBaV27MmzBu99zAeNFSjUA==,game 3,2022-12-01,13.38,2022-11-01,12.6,,2022-11-01,2023-01-01,,0.78,,,13.38,2023-01-01,uk,false,26
nfIwLLLuemHymdg1HYidrA==,game 3,2022-10-01,72.78,,,2022-11-01,2022-09-01,2022-11-01,72.78,,,,,,uk,false,19
nfIwLLLuemHymdg1HYidrA==,game 3,2022-11-01,64.50,2022-10-01,72.78,2022-12-01,2022-10-01,2022-12-01,,,8.28,,,,uk,false,19
nfIwLLLuemHymdg1HYidrA==,game 3,2022-12-01,13.92,2022-11-01,64.50,,2022-11-01,2023-01-01,,,50.58,,13.92,2023-01-01,uk,false,19
ngOdQ8biXsraLxTHS862fw==,game 3,2022-07-01,13.92,,,,2022-06-01,2022-08-01,13.92,,,,13.92,2022-08-01,ru,false,25
ni2+3lFt9yVqbt5Vtc8BMQ==,game 3,2022-07-01,17.76,,,,2022-06-01,2022-08-01,17.76,,,,17.76,2022-08-01,uk,false,18
njexPkl3G77JLZwwcq2UVA==,game 3,2022-11-01,28.08,,,2022-12-01,2022-10-01,2022-12-01,28.08,,,,,,uk,false,28
njexPkl3G77JLZwwcq2UVA==,game 3,2022-12-01,18.03,2022-11-01,28.08,,2022-11-01,2023-01-01,,,10.05,,18.03,2023-01-01,uk,false,28
nklUUkirU5GYU5ZtNOgx8w==,game 3,2022-04-01,19.11,,,2022-05-01,2022-03-01,2022-05-01,19.11,,,,,,ru,true,20
nklUUkirU5GYU5ZtNOgx8w==,game 3,2022-05-01,40.62,2022-04-01,19.11,2022-08-01,2022-04-01,2022-06-01,,21.51,,,40.62,2022-06-01,ru,true,20
nklUUkirU5GYU5ZtNOgx8w==,game 3,2022-08-01,42.84,2022-05-01,40.62,2022-10-01,2022-07-01,2022-09-01,,,,42.84,42.84,2022-09-01,ru,true,20
nklUUkirU5GYU5ZtNOgx8w==,game 3,2022-10-01,30.57,2022-08-01,42.84,2022-11-01,2022-09-01,2022-11-01,,,,30.57,,,ru,true,20
nklUUkirU5GYU5ZtNOgx8w==,game 3,2022-11-01,31.08,2022-10-01,30.57,,2022-10-01,2022-12-01,,0.51,,,31.08,2022-12-01,ru,true,20
NMmQVq8bB84KydONJjvTfQ==,game 3,2022-03-01,15.33,,,,2022-02-01,2022-04-01,15.33,,,,15.33,2022-04-01,uk,true,18
NntDesROB4ANrudTCXEScA==,game 3,2022-07-01,39.12,,,2022-10-01,2022-06-01,2022-08-01,39.12,,,,39.12,2022-08-01,ru,false,37
NntDesROB4ANrudTCXEScA==,game 3,2022-10-01,47.79,2022-07-01,39.12,2022-11-01,2022-09-01,2022-11-01,,,,47.79,,,ru,false,37
NntDesROB4ANrudTCXEScA==,game 3,2022-11-01,27.63,2022-10-01,47.79,,2022-10-01,2022-12-01,,,20.16,,27.63,2022-12-01,ru,false,37
nNZDz4XCOjUv0OfYF+AAGg==,game 3,2022-09-01,40.38,,,2022-11-01,2022-08-01,2022-10-01,40.38,,,,40.38,2022-10-01,uk,false,25
nNZDz4XCOjUv0OfYF+AAGg==,game 3,2022-11-01,18.39,2022-09-01,40.38,2022-12-01,2022-10-01,2022-12-01,,,,18.39,,,uk,false,25
nNZDz4XCOjUv0OfYF+AAGg==,game 3,2022-12-01,65.64,2022-11-01,18.39,,2022-11-01,2023-01-01,,47.25,,,65.64,2023-01-01,uk,false,25
Np8MbaAllrt9d2F+g1ZvJQ==,game 3,2022-09-01,121.02,,,2022-10-01,2022-08-01,2022-10-01,121.02,,,,,,uk,false,22
Np8MbaAllrt9d2F+g1ZvJQ==,game 3,2022-10-01,53.82,2022-09-01,121.02,2022-11-01,2022-09-01,2022-11-01,,,67.20,,,,uk,false,22
Np8MbaAllrt9d2F+g1ZvJQ==,game 3,2022-11-01,71.10,2022-10-01,53.82,2022-12-01,2022-10-01,2022-12-01,,17.28,,,,,uk,false,22
Np8MbaAllrt9d2F+g1ZvJQ==,game 3,2022-12-01,108.69,2022-11-01,71.10,,2022-11-01,2023-01-01,,37.59,,,108.69,2023-01-01,uk,false,22
nPrRQwP3UZo2KBlM2mJ8fg==,game 3,2022-04-01,31.68,,,2022-05-01,2022-03-01,2022-05-01,31.68,,,,,,uk,false,24
nPrRQwP3UZo2KBlM2mJ8fg==,game 3,2022-05-01,70.08,2022-04-01,31.68,2022-06-01,2022-04-01,2022-06-01,,38.40,,,,,uk,false,24
nPrRQwP3UZo2KBlM2mJ8fg==,game 3,2022-06-01,65.25,2022-05-01,70.08,2022-07-01,2022-05-01,2022-07-01,,,4.83,,,,uk,false,24
nPrRQwP3UZo2KBlM2mJ8fg==,game 3,2022-07-01,83.70,2022-06-01,65.25,2022-08-01,2022-06-01,2022-08-01,,18.45,,,,,uk,false,24
nPrRQwP3UZo2KBlM2mJ8fg==,game 3,2022-08-01,15.33,2022-07-01,83.70,2022-09-01,2022-07-01,2022-09-01,,,68.37,,,,uk,false,24
nPrRQwP3UZo2KBlM2mJ8fg==,game 3,2022-09-01,17.16,2022-08-01,15.33,2022-10-01,2022-08-01,2022-10-01,,1.83,,,,,uk,false,24
nPrRQwP3UZo2KBlM2mJ8fg==,game 3,2022-10-01,60.03,2022-09-01,17.16,2022-11-01,2022-09-01,2022-11-01,,42.87,,,,,uk,false,24
nPrRQwP3UZo2KBlM2mJ8fg==,game 3,2022-11-01,15.21,2022-10-01,60.03,2022-12-01,2022-10-01,2022-12-01,,,44.82,,,,uk,false,24
nPrRQwP3UZo2KBlM2mJ8fg==,game 3,2022-12-01,125.28,2022-11-01,15.21,,2022-11-01,2023-01-01,,110.07,,,125.28,2023-01-01,uk,false,24
nS8ODZHVyaod50PqOekmOw==,game 3,2022-10-01,12.6,,,,2022-09-01,2022-11-01,12.6,,,,12.6,2022-11-01,ru,false,44
o55dseByUOl9s5IQCz1kuQ==,game 3,2022-03-01,23.16,,,2022-04-01,2022-02-01,2022-04-01,23.16,,,,,,uk,false,22
o55dseByUOl9s5IQCz1kuQ==,game 3,2022-04-01,86.88,2022-03-01,23.16,2022-05-01,2022-03-01,2022-05-01,,63.72,,,,,uk,false,22
o55dseByUOl9s5IQCz1kuQ==,game 3,2022-05-01,16.44,2022-04-01,86.88,2022-06-01,2022-04-01,2022-06-01,,,70.44,,,,uk,false,22
o55dseByUOl9s5IQCz1kuQ==,game 3,2022-06-01,13.26,2022-05-01,16.44,2022-07-01,2022-05-01,2022-07-01,,,3.18,,,,uk,false,22
o55dseByUOl9s5IQCz1kuQ==,game 3,2022-07-01,15.03,2022-06-01,13.26,2022-08-01,2022-06-01,2022-08-01,,1.77,,,,,uk,false,22
o55dseByUOl9s5IQCz1kuQ==,game 3,2022-08-01,15.42,2022-07-01,15.03,,2022-07-01,2022-09-01,,0.39,,,15.42,2022-09-01,uk,false,22
O6owe/pXDy1Bk5nfxuCZyw==,game 3,2022-08-01,39.30,,,,2022-07-01,2022-09-01,39.30,,,,39.30,2022-09-01,ru,false,20
OAAGTJfPU2ECPJT1KYm2ZQ==,game 3,2022-09-01,22.14,,,2022-10-01,2022-08-01,2022-10-01,22.14,,,,,,uk,false,22
OAAGTJfPU2ECPJT1KYm2ZQ==,game 3,2022-10-01,17.64,2022-09-01,22.14,2022-11-01,2022-09-01,2022-11-01,,,4.50,,,,uk,false,22
OAAGTJfPU2ECPJT1KYm2ZQ==,game 3,2022-11-01,42.15,2022-10-01,17.64,2022-12-01,2022-10-01,2022-12-01,,24.51,,,,,uk,false,22
OAAGTJfPU2ECPJT1KYm2ZQ==,game 3,2022-12-01,118.80,2022-11-01,42.15,,2022-11-01,2023-01-01,,76.65,,,118.80,2023-01-01,uk,false,22
ojVPXYZw2oeGtcmG7LcLGA==,game 3,2022-04-01,21.33,,,2022-05-01,2022-03-01,2022-05-01,21.33,,,,,,en,false,20
ojVPXYZw2oeGtcmG7LcLGA==,game 3,2022-05-01,75.90,2022-04-01,21.33,2022-06-01,2022-04-01,2022-06-01,,54.57,,,,,en,false,20
ojVPXYZw2oeGtcmG7LcLGA==,game 3,2022-06-01,98.37,2022-05-01,75.90,2022-07-01,2022-05-01,2022-07-01,,22.47,,,,,en,false,20
ojVPXYZw2oeGtcmG7LcLGA==,game 3,2022-07-01,56.04,2022-06-01,98.37,2022-08-01,2022-06-01,2022-08-01,,,42.33,,,,en,false,20
ojVPXYZw2oeGtcmG7LcLGA==,game 3,2022-08-01,58.02,2022-07-01,56.04,2022-09-01,2022-07-01,2022-09-01,,1.98,,,,,en,false,20
ojVPXYZw2oeGtcmG7LcLGA==,game 3,2022-09-01,35.67,2022-08-01,58.02,,2022-08-01,2022-10-01,,,22.35,,35.67,2022-10-01,en,false,20
oKLGTNuEKW70rLmudZaTGQ==,game 3,2022-12-01,32.25,,,,2022-11-01,2023-01-01,32.25,,,,32.25,2023-01-01,uk,false,18
omF221BxDxXFh233yUEVeQ==,game 3,2022-12-01,22.8,,,,2022-11-01,2023-01-01,22.8,,,,22.8,2023-01-01,uk,false,27
oQQmPjqm7DR+exPmp6xDhg==,game 3,2022-07-01,12.42,,,2022-08-01,2022-06-01,2022-08-01,12.42,,,,,,uk,false,30
oQQmPjqm7DR+exPmp6xDhg==,game 3,2022-08-01,13.2,2022-07-01,12.42,2022-11-01,2022-07-01,2022-09-01,,0.78,,,13.2,2022-09-01,uk,false,30
oQQmPjqm7DR+exPmp6xDhg==,game 3,2022-11-01,13.53,2022-08-01,13.2,2022-12-01,2022-10-01,2022-12-01,,,,13.53,,,uk,false,30
oQQmPjqm7DR+exPmp6xDhg==,game 3,2022-12-01,13.53,2022-11-01,13.53,,2022-11-01,2023-01-01,,,,,13.53,2023-01-01,uk,false,30
orbgZNBGuhZZx63HTAbyIw==,game 3,2022-04-01,62.13,,,2022-05-01,2022-03-01,2022-05-01,62.13,,,,,,uk,false,25
orbgZNBGuhZZx63HTAbyIw==,game 3,2022-05-01,155.97,2022-04-01,62.13,2022-06-01,2022-04-01,2022-06-01,,93.84,,,,,uk,false,25
orbgZNBGuhZZx63HTAbyIw==,game 3,2022-06-01,117.48,2022-05-01,155.97,2022-07-01,2022-05-01,2022-07-01,,,38.49,,,,uk,false,25
orbgZNBGuhZZx63HTAbyIw==,game 3,2022-07-01,69.15,2022-06-01,117.48,2022-08-01,2022-06-01,2022-08-01,,,48.33,,,,uk,false,25
orbgZNBGuhZZx63HTAbyIw==,game 3,2022-08-01,141.48,2022-07-01,69.15,2022-09-01,2022-07-01,2022-09-01,,72.33,,,,,uk,false,25
orbgZNBGuhZZx63HTAbyIw==,game 3,2022-09-01,54.45,2022-08-01,141.48,2022-10-01,2022-08-01,2022-10-01,,,87.03,,,,uk,false,25
orbgZNBGuhZZx63HTAbyIw==,game 3,2022-10-01,35.76,2022-09-01,54.45,,2022-09-01,2022-11-01,,,18.69,,35.76,2022-11-01,uk,false,25
ORSvkhCut21rsk0cVtJfJA==,game 3,2022-09-01,146.25,,,2022-10-01,2022-08-01,2022-10-01,146.25,,,,,,uk,false,21
ORSvkhCut21rsk0cVtJfJA==,game 3,2022-10-01,47.61,2022-09-01,146.25,2022-11-01,2022-09-01,2022-11-01,,,98.64,,,,uk,false,21
ORSvkhCut21rsk0cVtJfJA==,game 3,2022-11-01,35.31,2022-10-01,47.61,2022-12-01,2022-10-01,2022-12-01,,,12.30,,,,uk,false,21
ORSvkhCut21rsk0cVtJfJA==,game 3,2022-12-01,56.22,2022-11-01,35.31,,2022-11-01,2023-01-01,,20.91,,,56.22,2023-01-01,uk,false,21
+osJakLn8jv4bzFmPieelw==,game 3,2022-08-01,13.29,,,2022-09-01,2022-07-01,2022-09-01,13.29,,,,,,uk,false,30
+osJakLn8jv4bzFmPieelw==,game 3,2022-09-01,43.92,2022-08-01,13.29,2022-10-01,2022-08-01,2022-10-01,,30.63,,,,,uk,false,30
+osJakLn8jv4bzFmPieelw==,game 3,2022-10-01,21.06,2022-09-01,43.92,2022-11-01,2022-09-01,2022-11-01,,,22.86,,,,uk,false,30
+osJakLn8jv4bzFmPieelw==,game 3,2022-11-01,12.45,2022-10-01,21.06,2022-12-01,2022-10-01,2022-12-01,,,8.61,,,,uk,false,30
+osJakLn8jv4bzFmPieelw==,game 3,2022-12-01,31.32,2022-11-01,12.45,,2022-11-01,2023-01-01,,18.87,,,31.32,2023-01-01,uk,false,30
OtAfKAtIU2D/ISKleQ64ug==,game 3,2022-07-01,14.55,,,,2022-06-01,2022-08-01,14.55,,,,14.55,2022-08-01,uk,false,38
OU1FxSli7e6szUGr2+7M9A==,game 3,2022-12-01,75.39,,,,2022-11-01,2023-01-01,75.39,,,,75.39,2023-01-01,uk,false,25
OwODWxXcsV4bBnhONiLkwg==,game 3,2022-04-01,14.37,,,,2022-03-01,2022-05-01,14.37,,,,14.37,2022-05-01,uk,false,25
Ox0UcaMHdCuTLe5/JQrJMQ==,game 3,2022-06-01,17.76,,,2022-07-01,2022-05-01,2022-07-01,17.76,,,,,,ru,false,18
Ox0UcaMHdCuTLe5/JQrJMQ==,game 3,2022-07-01,28.35,2022-06-01,17.76,2022-08-01,2022-06-01,2022-08-01,,10.59,,,,,ru,false,18
Ox0UcaMHdCuTLe5/JQrJMQ==,game 3,2022-08-01,36.54,2022-07-01,28.35,2022-10-01,2022-07-01,2022-09-01,,8.19,,,36.54,2022-09-01,ru,false,18
Ox0UcaMHdCuTLe5/JQrJMQ==,game 3,2022-10-01,42.90,2022-08-01,36.54,,2022-09-01,2022-11-01,,,,42.90,42.90,2022-11-01,ru,false,18
OYDRFRAiT1uYAqbWXOwRfw==,game 3,2022-12-01,82.14,,,,2022-11-01,2023-01-01,82.14,,,,82.14,2023-01-01,en,false,24
p0Ysy5XSVvKlZbKqzjyJgQ==,game 3,2022-07-01,22.02,,,2022-08-01,2022-06-01,2022-08-01,22.02,,,,,,uk,false,25
p0Ysy5XSVvKlZbKqzjyJgQ==,game 3,2022-08-01,14.85,2022-07-01,22.02,2022-10-01,2022-07-01,2022-09-01,,,7.17,,14.85,2022-09-01,uk,false,25
p0Ysy5XSVvKlZbKqzjyJgQ==,game 3,2022-10-01,39.69,2022-08-01,14.85,2022-12-01,2022-09-01,2022-11-01,,,,39.69,39.69,2022-11-01,uk,false,25
p0Ysy5XSVvKlZbKqzjyJgQ==,game 3,2022-12-01,58.35,2022-10-01,39.69,,2022-11-01,2023-01-01,,,,58.35,58.35,2023-01-01,uk,false,25
pA81NE5UM892xwiOsE375g==,game 3,2022-12-01,27.84,,,,2022-11-01,2023-01-01,27.84,,,,27.84,2023-01-01,uk,false,19
pLOCMIX+imLIzoDehgdOPA==,game 3,2022-05-01,68.16,,,2022-06-01,2022-04-01,2022-06-01,68.16,,,,,,uk,false,22
pLOCMIX+imLIzoDehgdOPA==,game 3,2022-06-01,55.53,2022-05-01,68.16,2022-07-01,2022-05-01,2022-07-01,,,12.63,,,,uk,false,22
pLOCMIX+imLIzoDehgdOPA==,game 3,2022-07-01,151.44,2022-06-01,55.53,2022-08-01,2022-06-01,2022-08-01,,95.91,,,,,uk,false,22
pLOCMIX+imLIzoDehgdOPA==,game 3,2022-08-01,129.75,2022-07-01,151.44,2022-09-01,2022-07-01,2022-09-01,,,21.69,,,,uk,false,22
pLOCMIX+imLIzoDehgdOPA==,game 3,2022-09-01,109.89,2022-08-01,129.75,2022-10-01,2022-08-01,2022-10-01,,,19.86,,,,uk,false,22
pLOCMIX+imLIzoDehgdOPA==,game 3,2022-10-01,46.80,2022-09-01,109.89,2022-11-01,2022-09-01,2022-11-01,,,63.09,,,,uk,false,22
pLOCMIX+imLIzoDehgdOPA==,game 3,2022-11-01,61.92,2022-10-01,46.80,2022-12-01,2022-10-01,2022-12-01,,15.12,,,,,uk,false,22
pLOCMIX+imLIzoDehgdOPA==,game 3,2022-12-01,41.85,2022-11-01,61.92,,2022-11-01,2023-01-01,,,20.07,,41.85,2023-01-01,uk,false,22
prNQwR2IPPsvGpFgOpcGaQ==,game 3,2022-03-01,15.66,,,2022-05-01,2022-02-01,2022-04-01,15.66,,,,15.66,2022-04-01,uk,false,14
prNQwR2IPPsvGpFgOpcGaQ==,game 3,2022-05-01,95.52,2022-03-01,15.66,2022-07-01,2022-04-01,2022-06-01,,,,95.52,95.52,2022-06-01,uk,false,14
prNQwR2IPPsvGpFgOpcGaQ==,game 3,2022-07-01,54.30,2022-05-01,95.52,2022-10-01,2022-06-01,2022-08-01,,,,54.30,54.30,2022-08-01,uk,false,14
prNQwR2IPPsvGpFgOpcGaQ==,game 3,2022-10-01,47.46,2022-07-01,54.30,,2022-09-01,2022-11-01,,,,47.46,47.46,2022-11-01,uk,false,14
psERjQAamFwr88Zadc4wcQ==,game 3,2022-07-01,13.08,,,,2022-06-01,2022-08-01,13.08,,,,13.08,2022-08-01,ru,false,22
PWvj9YoQTtX9FGLgG1CWJQ==,game 3,2022-08-01,18.69,,,,2022-07-01,2022-09-01,18.69,,,,18.69,2022-09-01,uk,false,16
PydH3c1l9bUvwz7hsiaBOg==,game 3,2022-08-01,32.55,,,2022-09-01,2022-07-01,2022-09-01,32.55,,,,,,uk,false,17
PydH3c1l9bUvwz7hsiaBOg==,game 3,2022-09-01,55.17,2022-08-01,32.55,,2022-08-01,2022-10-01,,22.62,,,55.17,2022-10-01,uk,false,17
pz7LUOs9i7xgncmHVxQvOw==,game 3,2022-03-01,36.51,,,2022-04-01,2022-02-01,2022-04-01,36.51,,,,,,ru,false,24
pz7LUOs9i7xgncmHVxQvOw==,game 3,2022-04-01,19.5,2022-03-01,36.51,2022-05-01,2022-03-01,2022-05-01,,,17.01,,,,ru,false,24
pz7LUOs9i7xgncmHVxQvOw==,game 3,2022-05-01,39.6,2022-04-01,19.5,2022-06-01,2022-04-01,2022-06-01,,20.1,,,,,ru,false,24
pz7LUOs9i7xgncmHVxQvOw==,game 3,2022-06-01,89.61,2022-05-01,39.6,2022-07-01,2022-05-01,2022-07-01,,50.01,,,,,ru,false,24
pz7LUOs9i7xgncmHVxQvOw==,game 3,2022-07-01,52.77,2022-06-01,89.61,2022-08-01,2022-06-01,2022-08-01,,,36.84,,,,ru,false,24
pz7LUOs9i7xgncmHVxQvOw==,game 3,2022-08-01,36.57,2022-07-01,52.77,,2022-07-01,2022-09-01,,,16.20,,36.57,2022-09-01,ru,false,24
PzG6g7FMYUPp0RMvXhfesQ==,game 3,2022-09-01,36.45,,,2022-10-01,2022-08-01,2022-10-01,36.45,,,,,,uk,false,34
PzG6g7FMYUPp0RMvXhfesQ==,game 3,2022-10-01,19.23,2022-09-01,36.45,2022-11-01,2022-09-01,2022-11-01,,,17.22,,,,uk,false,34
PzG6g7FMYUPp0RMvXhfesQ==,game 3,2022-11-01,13.74,2022-10-01,19.23,2022-12-01,2022-10-01,2022-12-01,,,5.49,,,,uk,false,34
PzG6g7FMYUPp0RMvXhfesQ==,game 3,2022-12-01,15.9,2022-11-01,13.74,,2022-11-01,2023-01-01,,2.16,,,15.9,2023-01-01,uk,false,34
Q0GNgLhqfwwVwtvQhJt58A==,game 3,2022-11-01,21.24,,,2022-12-01,2022-10-01,2022-12-01,21.24,,,,,,ru,false,24
Q0GNgLhqfwwVwtvQhJt58A==,game 3,2022-12-01,56.58,2022-11-01,21.24,,2022-11-01,2023-01-01,,35.34,,,56.58,2023-01-01,ru,false,24
Q6BQCpZ1b6I15evvHZ6xYA==,game 3,2022-10-01,27.18,,,2022-11-01,2022-09-01,2022-11-01,27.18,,,,,,uk,false,17
Q6BQCpZ1b6I15evvHZ6xYA==,game 3,2022-11-01,15.78,2022-10-01,27.18,2022-12-01,2022-10-01,2022-12-01,,,11.40,,,,uk,false,17
Q6BQCpZ1b6I15evvHZ6xYA==,game 3,2022-12-01,74.85,2022-11-01,15.78,,2022-11-01,2023-01-01,,59.07,,,74.85,2023-01-01,uk,false,17
q8UcdT1sZCl07AqhDVz5ZA==,game 3,2022-08-01,115.14,,,2022-09-01,2022-07-01,2022-09-01,115.14,,,,,,uk,false,15
q8UcdT1sZCl07AqhDVz5ZA==,game 3,2022-09-01,61.98,2022-08-01,115.14,2022-10-01,2022-08-01,2022-10-01,,,53.16,,,,uk,false,15
q8UcdT1sZCl07AqhDVz5ZA==,game 3,2022-10-01,33.0,2022-09-01,61.98,2022-12-01,2022-09-01,2022-11-01,,,28.98,,33.0,2022-11-01,uk,false,15
q8UcdT1sZCl07AqhDVz5ZA==,game 3,2022-12-01,65.46,2022-10-01,33.0,,2022-11-01,2023-01-01,,,,65.46,65.46,2023-01-01,uk,false,15
qEF/fPDQLJPXIx6RiSIP1A==,game 3,2022-05-01,21.84,,,2022-06-01,2022-04-01,2022-06-01,21.84,,,,,,uk,false,20
qEF/fPDQLJPXIx6RiSIP1A==,game 3,2022-06-01,32.04,2022-05-01,21.84,2022-07-01,2022-05-01,2022-07-01,,10.20,,,,,uk,false,20
qEF/fPDQLJPXIx6RiSIP1A==,game 3,2022-07-01,78.78,2022-06-01,32.04,2022-08-01,2022-06-01,2022-08-01,,46.74,,,,,uk,false,20
qEF/fPDQLJPXIx6RiSIP1A==,game 3,2022-08-01,48.51,2022-07-01,78.78,2022-09-01,2022-07-01,2022-09-01,,,30.27,,,,uk,false,20
qEF/fPDQLJPXIx6RiSIP1A==,game 3,2022-09-01,77.04,2022-08-01,48.51,2022-10-01,2022-08-01,2022-10-01,,28.53,,,,,uk,false,20
qEF/fPDQLJPXIx6RiSIP1A==,game 3,2022-10-01,17.67,2022-09-01,77.04,2022-11-01,2022-09-01,2022-11-01,,,59.37,,,,uk,false,20
qEF/fPDQLJPXIx6RiSIP1A==,game 3,2022-11-01,29.85,2022-10-01,17.67,2022-12-01,2022-10-01,2022-12-01,,12.18,,,,,uk,false,20
qEF/fPDQLJPXIx6RiSIP1A==,game 3,2022-12-01,28.32,2022-11-01,29.85,,2022-11-01,2023-01-01,,,1.53,,28.32,2023-01-01,uk,false,20
qmZRB16NnnCdNHWUcSyVDQ==,game 3,2022-06-01,52.83,,,2022-07-01,2022-05-01,2022-07-01,52.83,,,,,,ru,false,37
qmZRB16NnnCdNHWUcSyVDQ==,game 3,2022-07-01,86.91,2022-06-01,52.83,2022-08-01,2022-06-01,2022-08-01,,34.08,,,,,ru,false,37
qmZRB16NnnCdNHWUcSyVDQ==,game 3,2022-08-01,42.87,2022-07-01,86.91,2022-09-01,2022-07-01,2022-09-01,,,44.04,,,,ru,false,37
qmZRB16NnnCdNHWUcSyVDQ==,game 3,2022-09-01,16.98,2022-08-01,42.87,2022-11-01,2022-08-01,2022-10-01,,,25.89,,16.98,2022-10-01,ru,false,37
qmZRB16NnnCdNHWUcSyVDQ==,game 3,2022-11-01,27.18,2022-09-01,16.98,2022-12-01,2022-10-01,2022-12-01,,,,27.18,,,ru,false,37
qmZRB16NnnCdNHWUcSyVDQ==,game 3,2022-12-01,41.94,2022-11-01,27.18,,2022-11-01,2023-01-01,,14.76,,,41.94,2023-01-01,ru,false,37
qn61TOwEB0RbKsB+v0D9tw==,game 3,2022-12-01,17.07,,,,2022-11-01,2023-01-01,17.07,,,,17.07,2023-01-01,ru,false,16
QoHEss2e+b385deeX2p39Q==,game 3,2022-06-01,41.04,,,2022-07-01,2022-05-01,2022-07-01,41.04,,,,,,ru,false,22
QoHEss2e+b385deeX2p39Q==,game 3,2022-07-01,99.48,2022-06-01,41.04,2022-08-01,2022-06-01,2022-08-01,,58.44,,,,,ru,false,22
QoHEss2e+b385deeX2p39Q==,game 3,2022-08-01,71.43,2022-07-01,99.48,2022-09-01,2022-07-01,2022-09-01,,,28.05,,,,ru,false,22
QoHEss2e+b385deeX2p39Q==,game 3,2022-09-01,59.07,2022-08-01,71.43,2022-10-01,2022-08-01,2022-10-01,,,12.36,,,,ru,false,22
QoHEss2e+b385deeX2p39Q==,game 3,2022-10-01,13.47,2022-09-01,59.07,,2022-09-01,2022-11-01,,,45.60,,13.47,2022-11-01,ru,false,22
qqYyR2vRI+7pgiuyTnVM+A==,game 3,2022-05-01,40.17,,,2022-06-01,2022-04-01,2022-06-01,40.17,,,,,,ru,false,19
qqYyR2vRI+7pgiuyTnVM+A==,game 3,2022-06-01,36.84,2022-05-01,40.17,2022-07-01,2022-05-01,2022-07-01,,,3.33,,,,ru,false,19
qqYyR2vRI+7pgiuyTnVM+A==,game 3,2022-07-01,27.03,2022-06-01,36.84,2022-08-01,2022-06-01,2022-08-01,,,9.81,,,,ru,false,19
qqYyR2vRI+7pgiuyTnVM+A==,game 3,2022-08-01,41.31,2022-07-01,27.03,2022-09-01,2022-07-01,2022-09-01,,14.28,,,,,ru,false,19
qqYyR2vRI+7pgiuyTnVM+A==,game 3,2022-09-01,50.91,2022-08-01,41.31,,2022-08-01,2022-10-01,,9.60,,,50.91,2022-10-01,ru,false,19
q/Tz1C31XWaBUDrRn2ezDw==,game 3,2022-05-01,17.64,,,2022-06-01,2022-04-01,2022-06-01,17.64,,,,,,uk,false,21
q/Tz1C31XWaBUDrRn2ezDw==,game 3,2022-06-01,72.48,2022-05-01,17.64,2022-07-01,2022-05-01,2022-07-01,,54.84,,,,,uk,false,21
q/Tz1C31XWaBUDrRn2ezDw==,game 3,2022-07-01,46.89,2022-06-01,72.48,,2022-06-01,2022-08-01,,,25.59,,46.89,2022-08-01,uk,false,21
q+yzIb2a/avnS9k89SDQVw==,game 3,2022-08-01,25.83,,,2022-10-01,2022-07-01,2022-09-01,25.83,,,,25.83,2022-09-01,uk,true,19
q+yzIb2a/avnS9k89SDQVw==,game 3,2022-10-01,19.65,2022-08-01,25.83,2022-11-01,2022-09-01,2022-11-01,,,,19.65,,,uk,true,19
q+yzIb2a/avnS9k89SDQVw==,game 3,2022-11-01,26.52,2022-10-01,19.65,2022-12-01,2022-10-01,2022-12-01,,6.87,,,,,uk,true,19
q+yzIb2a/avnS9k89SDQVw==,game 3,2022-12-01,33.81,2022-11-01,26.52,,2022-11-01,2023-01-01,,7.29,,,33.81,2023-01-01,uk,true,19
QZBiEFECZAgVl5IkN9/cFw==,game 3,2022-05-01,91.17,,,2022-06-01,2022-04-01,2022-06-01,91.17,,,,,,en,false,16
QZBiEFECZAgVl5IkN9/cFw==,game 3,2022-06-01,41.88,2022-05-01,91.17,2022-07-01,2022-05-01,2022-07-01,,,49.29,,,,en,false,16
QZBiEFECZAgVl5IkN9/cFw==,game 3,2022-07-01,166.38,2022-06-01,41.88,2022-08-01,2022-06-01,2022-08-01,,124.50,,,,,en,false,16
QZBiEFECZAgVl5IkN9/cFw==,game 3,2022-08-01,205.05,2022-07-01,166.38,2022-09-01,2022-07-01,2022-09-01,,38.67,,,,,en,false,16
QZBiEFECZAgVl5IkN9/cFw==,game 3,2022-09-01,252.66,2022-08-01,205.05,2022-10-01,2022-08-01,2022-10-01,,47.61,,,,,en,false,16
QZBiEFECZAgVl5IkN9/cFw==,game 3,2022-10-01,130.92,2022-09-01,252.66,,2022-09-01,2022-11-01,,,121.74,,130.92,2022-11-01,en,false,16
R6aBG9TzvghZNNmGufy5NQ==,game 3,2022-08-01,12.36,,,,2022-07-01,2022-09-01,12.36,,,,12.36,2022-09-01,ru,false,33
r9AjQVS2nstu5lpVmDlihA==,game 3,2022-06-01,53.28,,,2022-07-01,2022-05-01,2022-07-01,53.28,,,,,,ru,false,22
r9AjQVS2nstu5lpVmDlihA==,game 3,2022-07-01,24.84,2022-06-01,53.28,2022-08-01,2022-06-01,2022-08-01,,,28.44,,,,ru,false,22
r9AjQVS2nstu5lpVmDlihA==,game 3,2022-08-01,29.52,2022-07-01,24.84,2022-10-01,2022-07-01,2022-09-01,,4.68,,,29.52,2022-09-01,ru,false,22
r9AjQVS2nstu5lpVmDlihA==,game 3,2022-10-01,94.71,2022-08-01,29.52,2022-12-01,2022-09-01,2022-11-01,,,,94.71,94.71,2022-11-01,ru,false,22
r9AjQVS2nstu5lpVmDlihA==,game 3,2022-12-01,104.46,2022-10-01,94.71,,2022-11-01,2023-01-01,,,,104.46,104.46,2023-01-01,ru,false,22
Re0WtVSaiuBn90MFtMRCww==,game 3,2022-12-01,74.13,,,,2022-11-01,2023-01-01,74.13,,,,74.13,2023-01-01,uk,false,14
RiIlY436bXNX8MIW9vUaAQ==,game 3,2022-08-01,25.29,,,2022-09-01,2022-07-01,2022-09-01,25.29,,,,,,uk,true,18
RiIlY436bXNX8MIW9vUaAQ==,game 3,2022-09-01,79.08,2022-08-01,25.29,2022-10-01,2022-08-01,2022-10-01,,53.79,,,,,uk,true,18
RiIlY436bXNX8MIW9vUaAQ==,game 3,2022-10-01,23.52,2022-09-01,79.08,2022-12-01,2022-09-01,2022-11-01,,,55.56,,23.52,2022-11-01,uk,true,18
RiIlY436bXNX8MIW9vUaAQ==,game 3,2022-12-01,48.75,2022-10-01,23.52,,2022-11-01,2023-01-01,,,,48.75,48.75,2023-01-01,uk,true,18
rJEGPACDdmHAmCCp5+QRRw==,game 3,2022-11-01,17.13,,,2022-12-01,2022-10-01,2022-12-01,17.13,,,,,,uk,true,20
rJEGPACDdmHAmCCp5+QRRw==,game 3,2022-12-01,66.99,2022-11-01,17.13,,2022-11-01,2023-01-01,,49.86,,,66.99,2023-01-01,uk,true,20
RoTHCVmIeMQXudXxn3ykNw==,game 3,2022-08-01,43.62,,,2022-09-01,2022-07-01,2022-09-01,43.62,,,,,,uk,false,21
RoTHCVmIeMQXudXxn3ykNw==,game 3,2022-09-01,35.55,2022-08-01,43.62,2022-10-01,2022-08-01,2022-10-01,,,8.07,,,,uk,false,21
RoTHCVmIeMQXudXxn3ykNw==,game 3,2022-10-01,32.85,2022-09-01,35.55,,2022-09-01,2022-11-01,,,2.70,,32.85,2022-11-01,uk,false,21
RQBsCvxlogTNUidSygqgcQ==,game 3,2022-05-01,12.18,,,2022-06-01,2022-04-01,2022-06-01,12.18,,,,,,uk,false,28
RQBsCvxlogTNUidSygqgcQ==,game 3,2022-06-01,17.07,2022-05-01,12.18,2022-07-01,2022-05-01,2022-07-01,,4.89,,,,,uk,false,28
RQBsCvxlogTNUidSygqgcQ==,game 3,2022-07-01,29.34,2022-06-01,17.07,2022-08-01,2022-06-01,2022-08-01,,12.27,,,,,uk,false,28
RQBsCvxlogTNUidSygqgcQ==,game 3,2022-08-01,55.92,2022-07-01,29.34,2022-09-01,2022-07-01,2022-09-01,,26.58,,,,,uk,false,28
RQBsCvxlogTNUidSygqgcQ==,game 3,2022-09-01,45.39,2022-08-01,55.92,2022-11-01,2022-08-01,2022-10-01,,,10.53,,45.39,2022-10-01,uk,false,28
RQBsCvxlogTNUidSygqgcQ==,game 3,2022-11-01,41.70,2022-09-01,45.39,,2022-10-01,2022-12-01,,,,41.70,41.70,2022-12-01,uk,false,28
RsmjZqhi61Kd7U5ihaXhDw==,game 3,2022-06-01,68.58,,,2022-09-01,2022-05-01,2022-07-01,68.58,,,,68.58,2022-07-01,uk,false,30
RsmjZqhi61Kd7U5ihaXhDw==,game 3,2022-09-01,20.07,2022-06-01,68.58,2022-11-01,2022-08-01,2022-10-01,,,,20.07,20.07,2022-10-01,uk,false,30
RsmjZqhi61Kd7U5ihaXhDw==,game 3,2022-11-01,17.94,2022-09-01,20.07,2022-12-01,2022-10-01,2022-12-01,,,,17.94,,,uk,false,30
RsmjZqhi61Kd7U5ihaXhDw==,game 3,2022-12-01,12.6,2022-11-01,17.94,,2022-11-01,2023-01-01,,,5.34,,12.6,2023-01-01,uk,false,30
RUjQVs2C+H0ejG0h7x1f5A==,game 3,2022-08-01,59.88,,,,2022-07-01,2022-09-01,59.88,,,,59.88,2022-09-01,uk,false,22
rw8yxS9+t5PvgINa7EhMvQ==,game 3,2022-06-01,49.92,,,2022-07-01,2022-05-01,2022-07-01,49.92,,,,,,uk,true,18
rw8yxS9+t5PvgINa7EhMvQ==,game 3,2022-07-01,72.45,2022-06-01,49.92,2022-08-01,2022-06-01,2022-08-01,,22.53,,,,,uk,true,18
rw8yxS9+t5PvgINa7EhMvQ==,game 3,2022-08-01,42.51,2022-07-01,72.45,2022-09-01,2022-07-01,2022-09-01,,,29.94,,,,uk,true,18
rw8yxS9+t5PvgINa7EhMvQ==,game 3,2022-09-01,103.62,2022-08-01,42.51,2022-12-01,2022-08-01,2022-10-01,,61.11,,,103.62,2022-10-01,uk,true,18
rw8yxS9+t5PvgINa7EhMvQ==,game 3,2022-12-01,62.79,2022-09-01,103.62,,2022-11-01,2023-01-01,,,,62.79,62.79,2023-01-01,uk,true,18
RwtKwrRSrVpyAMRaDyhr8g==,game 3,2022-05-01,24.06,,,2022-06-01,2022-04-01,2022-06-01,24.06,,,,,,uk,false,44
RwtKwrRSrVpyAMRaDyhr8g==,game 3,2022-06-01,63.78,2022-05-01,24.06,2022-09-01,2022-05-01,2022-07-01,,39.72,,,63.78,2022-07-01,uk,false,44
RwtKwrRSrVpyAMRaDyhr8g==,game 3,2022-09-01,15.21,2022-06-01,63.78,2022-10-01,2022-08-01,2022-10-01,,,,15.21,,,uk,false,44
RwtKwrRSrVpyAMRaDyhr8g==,game 3,2022-10-01,34.44,2022-09-01,15.21,2022-12-01,2022-09-01,2022-11-01,,19.23,,,34.44,2022-11-01,uk,false,44
RwtKwrRSrVpyAMRaDyhr8g==,game 3,2022-12-01,22.14,2022-10-01,34.44,,2022-11-01,2023-01-01,,,,22.14,22.14,2023-01-01,uk,false,44
S0TSw0AJ4KdmgXzAzX0p5Q==,game 3,2022-10-01,19.29,,,2022-12-01,2022-09-01,2022-11-01,19.29,,,,19.29,2022-11-01,uk,false,23
S0TSw0AJ4KdmgXzAzX0p5Q==,game 3,2022-12-01,34.41,2022-10-01,19.29,,2022-11-01,2023-01-01,,,,34.41,34.41,2023-01-01,uk,false,23
s27V1tbCAysovKSY1XcdWQ==,game 3,2022-03-01,22.95,,,2022-04-01,2022-02-01,2022-04-01,22.95,,,,,,uk,false,34
s27V1tbCAysovKSY1XcdWQ==,game 3,2022-04-01,39.48,2022-03-01,22.95,2022-05-01,2022-03-01,2022-05-01,,16.53,,,,,uk,false,34
s27V1tbCAysovKSY1XcdWQ==,game 3,2022-05-01,12.15,2022-04-01,39.48,2022-07-01,2022-04-01,2022-06-01,,,27.33,,12.15,2022-06-01,uk,false,34
s27V1tbCAysovKSY1XcdWQ==,game 3,2022-07-01,13.56,2022-05-01,12.15,,2022-06-01,2022-08-01,,,,13.56,13.56,2022-08-01,uk,false,34
S+4OKFlwA3L8VcjOt8TurA==,game 3,2022-05-01,15.24,,,2022-06-01,2022-04-01,2022-06-01,15.24,,,,,,uk,false,29
S+4OKFlwA3L8VcjOt8TurA==,game 3,2022-06-01,29.16,2022-05-01,15.24,2022-07-01,2022-05-01,2022-07-01,,13.92,,,,,uk,false,29
S+4OKFlwA3L8VcjOt8TurA==,game 3,2022-07-01,19.98,2022-06-01,29.16,,2022-06-01,2022-08-01,,,9.18,,19.98,2022-08-01,uk,false,29
sCKPcG1GIuOo593nRuu1Cw==,game 3,2022-06-01,61.11,,,2022-11-01,2022-05-01,2022-07-01,61.11,,,,61.11,2022-07-01,uk,false,25
sCKPcG1GIuOo593nRuu1Cw==,game 3,2022-11-01,60.93,2022-06-01,61.11,2022-12-01,2022-10-01,2022-12-01,,,,60.93,,,uk,false,25
sCKPcG1GIuOo593nRuu1Cw==,game 3,2022-12-01,135.24,2022-11-01,60.93,,2022-11-01,2023-01-01,,74.31,,,135.24,2023-01-01,uk,false,25
ShEJVi+TtuQlvdw2uetd/Q==,game 3,2022-04-01,131.97,,,2022-05-01,2022-03-01,2022-05-01,131.97,,,,,,uk,false,22
ShEJVi+TtuQlvdw2uetd/Q==,game 3,2022-05-01,27.87,2022-04-01,131.97,2022-06-01,2022-04-01,2022-06-01,,,104.10,,,,uk,false,22
ShEJVi+TtuQlvdw2uetd/Q==,game 3,2022-06-01,32.13,2022-05-01,27.87,,2022-05-01,2022-07-01,,4.26,,,32.13,2022-07-01,uk,false,22
sQqTFx1o31w2foAIr2LKNw==,game 3,2022-08-01,35.79,,,2022-09-01,2022-07-01,2022-09-01,35.79,,,,,,uk,false,32
sQqTFx1o31w2foAIr2LKNw==,game 3,2022-09-01,49.74,2022-08-01,35.79,2022-10-01,2022-08-01,2022-10-01,,13.95,,,,,uk,false,32
sQqTFx1o31w2foAIr2LKNw==,game 3,2022-10-01,16.86,2022-09-01,49.74,2022-12-01,2022-09-01,2022-11-01,,,32.88,,16.86,2022-11-01,uk,false,32
sQqTFx1o31w2foAIr2LKNw==,game 3,2022-12-01,13.62,2022-10-01,16.86,,2022-11-01,2023-01-01,,,,13.62,13.62,2023-01-01,uk,false,32
sthXYk64G/Zkc+7xA3xUbw==,game 2,2022-10-01,47.46,,,,2022-09-01,2022-11-01,47.46,,,,47.46,2022-11-01,uk,false,21
SwiAKdzn0b+A4XegM5x0Hw==,game 3,2022-08-01,12.09,,,2022-09-01,2022-07-01,2022-09-01,12.09,,,,,,uk,false,16
SwiAKdzn0b+A4XegM5x0Hw==,game 3,2022-09-01,42.27,2022-08-01,12.09,2022-10-01,2022-08-01,2022-10-01,,30.18,,,,,uk,false,16
SwiAKdzn0b+A4XegM5x0Hw==,game 3,2022-10-01,42.03,2022-09-01,42.27,2022-11-01,2022-09-01,2022-11-01,,,0.24,,,,uk,false,16
SwiAKdzn0b+A4XegM5x0Hw==,game 3,2022-11-01,17.16,2022-10-01,42.03,2022-12-01,2022-10-01,2022-12-01,,,24.87,,,,uk,false,16
SwiAKdzn0b+A4XegM5x0Hw==,game 3,2022-12-01,101.46,2022-11-01,17.16,,2022-11-01,2023-01-01,,84.30,,,101.46,2023-01-01,uk,false,16
Sx/MqN31Cxf6tOSLIiDtLg==,game 2,2022-07-01,26.79,,,,2022-06-01,2022-08-01,26.79,,,,26.79,2022-08-01,uk,true,19
SyWxmJ+Ha8K2C9UJt8blVA==,game 3,2022-03-01,55.62,,,2022-04-01,2022-02-01,2022-04-01,55.62,,,,,,ru,false,25
SyWxmJ+Ha8K2C9UJt8blVA==,game 3,2022-04-01,16.8,2022-03-01,55.62,2022-06-01,2022-03-01,2022-05-01,,,38.82,,16.8,2022-05-01,ru,false,25
SyWxmJ+Ha8K2C9UJt8blVA==,game 3,2022-06-01,63.45,2022-04-01,16.8,2022-09-01,2022-05-01,2022-07-01,,,,63.45,63.45,2022-07-01,ru,false,25
SyWxmJ+Ha8K2C9UJt8blVA==,game 3,2022-09-01,53.01,2022-06-01,63.45,2022-10-01,2022-08-01,2022-10-01,,,,53.01,,,ru,false,25
SyWxmJ+Ha8K2C9UJt8blVA==,game 3,2022-10-01,29.67,2022-09-01,53.01,2022-11-01,2022-09-01,2022-11-01,,,23.34,,,,ru,false,25
SyWxmJ+Ha8K2C9UJt8blVA==,game 3,2022-11-01,14.19,2022-10-01,29.67,,2022-10-01,2022-12-01,,,15.48,,14.19,2022-12-01,ru,false,25
TamEW7rhOwxDSDgAWZHDnQ==,game 3,2022-10-01,12.0,,,2022-11-01,2022-09-01,2022-11-01,12.0,,,,,,uk,false,23
TamEW7rhOwxDSDgAWZHDnQ==,game 3,2022-11-01,43.68,2022-10-01,12.0,2022-12-01,2022-10-01,2022-12-01,,31.68,,,,,uk,false,23
TamEW7rhOwxDSDgAWZHDnQ==,game 3,2022-12-01,21.6,2022-11-01,43.68,,2022-11-01,2023-01-01,,,22.08,,21.6,2023-01-01,uk,false,23
tBFTAZra3r5TkHhDubnYyg==,game 3,2022-10-01,91.86,,,2022-11-01,2022-09-01,2022-11-01,91.86,,,,,,uk,false,19
tBFTAZra3r5TkHhDubnYyg==,game 3,2022-11-01,39.99,2022-10-01,91.86,2022-12-01,2022-10-01,2022-12-01,,,51.87,,,,uk,false,19
tBFTAZra3r5TkHhDubnYyg==,game 3,2022-12-01,16.83,2022-11-01,39.99,,2022-11-01,2023-01-01,,,23.16,,16.83,2023-01-01,uk,false,19
to3TWHIKMGoINAlfTdWn+w==,game 3,2022-06-01,35.34,,,2022-07-01,2022-05-01,2022-07-01,35.34,,,,,,uk,false,28
to3TWHIKMGoINAlfTdWn+w==,game 3,2022-07-01,15.87,2022-06-01,35.34,2022-08-01,2022-06-01,2022-08-01,,,19.47,,,,uk,false,28
to3TWHIKMGoINAlfTdWn+w==,game 3,2022-08-01,19.92,2022-07-01,15.87,,2022-07-01,2022-09-01,,4.05,,,19.92,2022-09-01,uk,false,28
TQKB6Cvy+PDZswNNa6Y8Yw==,game 1,2022-12-01,13.14,,,,2022-11-01,2023-01-01,13.14,,,,13.14,2023-01-01,uk,false,20
T+RA0/fgzbUBLF89D4AEDA==,game 3,2022-03-01,16.11,,,2022-04-01,2022-02-01,2022-04-01,16.11,,,,,,ru,false,23
T+RA0/fgzbUBLF89D4AEDA==,game 3,2022-04-01,45.48,2022-03-01,16.11,2022-06-01,2022-03-01,2022-05-01,,29.37,,,45.48,2022-05-01,ru,false,23
T+RA0/fgzbUBLF89D4AEDA==,game 3,2022-06-01,31.44,2022-04-01,45.48,2022-07-01,2022-05-01,2022-07-01,,,,31.44,,,ru,false,23
T+RA0/fgzbUBLF89D4AEDA==,game 3,2022-07-01,65.79,2022-06-01,31.44,2022-09-01,2022-06-01,2022-08-01,,34.35,,,65.79,2022-08-01,ru,false,23
T+RA0/fgzbUBLF89D4AEDA==,game 3,2022-09-01,18.51,2022-07-01,65.79,,2022-08-01,2022-10-01,,,,18.51,18.51,2022-10-01,ru,false,23
tUlbh1G7KYRxmBaQk4RPIw==,game 3,2022-08-01,12.18,,,2022-09-01,2022-07-01,2022-09-01,12.18,,,,,,uk,false,34
tUlbh1G7KYRxmBaQk4RPIw==,game 3,2022-09-01,35.43,2022-08-01,12.18,,2022-08-01,2022-10-01,,23.25,,,35.43,2022-10-01,uk,false,34
TVMqvnxKnEuD9k1v8+cI1g==,game 3,2022-11-01,17.04,,,,2022-10-01,2022-12-01,17.04,,,,17.04,2022-12-01,uk,false,28
TWDA+aUZ8OPMHOtz5cPPXA==,game 3,2022-04-01,62.58,,,2022-05-01,2022-03-01,2022-05-01,62.58,,,,,,ru,false,20
TWDA+aUZ8OPMHOtz5cPPXA==,game 3,2022-05-01,27.42,2022-04-01,62.58,2022-06-01,2022-04-01,2022-06-01,,,35.16,,,,ru,false,20
TWDA+aUZ8OPMHOtz5cPPXA==,game 3,2022-06-01,14.07,2022-05-01,27.42,2022-10-01,2022-05-01,2022-07-01,,,13.35,,14.07,2022-07-01,ru,false,20
TWDA+aUZ8OPMHOtz5cPPXA==,game 3,2022-10-01,13.92,2022-06-01,14.07,2022-11-01,2022-09-01,2022-11-01,,,,13.92,,,ru,false,20
TWDA+aUZ8OPMHOtz5cPPXA==,game 3,2022-11-01,14.46,2022-10-01,13.92,,2022-10-01,2022-12-01,,0.54,,,14.46,2022-12-01,ru,false,20
UdsILd3VPsla6C2r+wytbA==,game 3,2022-11-01,58.17,,,2022-12-01,2022-10-01,2022-12-01,58.17,,,,,,uk,false,31
UdsILd3VPsla6C2r+wytbA==,game 3,2022-12-01,31.14,2022-11-01,58.17,,2022-11-01,2023-01-01,,,27.03,,31.14,2023-01-01,uk,false,31
Uen3Ap0lnrgWVWJtFCSo7g==,game 3,2022-03-01,20.79,,,2022-05-01,2022-02-01,2022-04-01,20.79,,,,20.79,2022-04-01,ru,false,17
Uen3Ap0lnrgWVWJtFCSo7g==,game 3,2022-05-01,47.88,2022-03-01,20.79,2022-06-01,2022-04-01,2022-06-01,,,,47.88,,,ru,false,17
Uen3Ap0lnrgWVWJtFCSo7g==,game 3,2022-06-01,55.23,2022-05-01,47.88,2022-07-01,2022-05-01,2022-07-01,,7.35,,,,,ru,false,17
Uen3Ap0lnrgWVWJtFCSo7g==,game 3,2022-07-01,41.01,2022-06-01,55.23,2022-09-01,2022-06-01,2022-08-01,,,14.22,,41.01,2022-08-01,ru,false,17
Uen3Ap0lnrgWVWJtFCSo7g==,game 3,2022-09-01,20.19,2022-07-01,41.01,2022-10-01,2022-08-01,2022-10-01,,,,20.19,,,ru,false,17
Uen3Ap0lnrgWVWJtFCSo7g==,game 3,2022-10-01,14.85,2022-09-01,20.19,,2022-09-01,2022-11-01,,,5.34,,14.85,2022-11-01,ru,false,17
UFVjte0RzYKTngAiVvjqPQ==,game 3,2022-08-01,13.14,,,2022-09-01,2022-07-01,2022-09-01,13.14,,,,,,uk,false,17
UFVjte0RzYKTngAiVvjqPQ==,game 3,2022-09-01,19.41,2022-08-01,13.14,2022-10-01,2022-08-01,2022-10-01,,6.27,,,,,uk,false,17
UFVjte0RzYKTngAiVvjqPQ==,game 3,2022-10-01,22.65,2022-09-01,19.41,2022-11-01,2022-09-01,2022-11-01,,3.24,,,,,uk,false,17
UFVjte0RzYKTngAiVvjqPQ==,game 3,2022-11-01,27.42,2022-10-01,22.65,2022-12-01,2022-10-01,2022-12-01,,4.77,,,,,uk,false,17
UFVjte0RzYKTngAiVvjqPQ==,game 3,2022-12-01,28.08,2022-11-01,27.42,,2022-11-01,2023-01-01,,0.66,,,28.08,2023-01-01,uk,false,17
UIYPIs8zzm4uX6+FZvTqNw==,game 3,2022-10-01,14.4,,,,2022-09-01,2022-11-01,14.4,,,,14.4,2022-11-01,ru,false,19
UNcp1RmIObUiGNqLDHjNVw==,game 3,2022-05-01,28.35,,,2022-08-01,2022-04-01,2022-06-01,28.35,,,,28.35,2022-06-01,uk,false,16
UNcp1RmIObUiGNqLDHjNVw==,game 3,2022-08-01,38.19,2022-05-01,28.35,2022-09-01,2022-07-01,2022-09-01,,,,38.19,,,uk,false,16
UNcp1RmIObUiGNqLDHjNVw==,game 3,2022-09-01,69.84,2022-08-01,38.19,2022-10-01,2022-08-01,2022-10-01,,31.65,,,,,uk,false,16
UNcp1RmIObUiGNqLDHjNVw==,game 3,2022-10-01,38.1,2022-09-01,69.84,2022-12-01,2022-09-01,2022-11-01,,,31.74,,38.1,2022-11-01,uk,false,16
UNcp1RmIObUiGNqLDHjNVw==,game 3,2022-12-01,57.06,2022-10-01,38.1,,2022-11-01,2023-01-01,,,,57.06,57.06,2023-01-01,uk,false,16
unoAVprNoepzjDQwQzWj6A==,game 3,2022-10-01,36.75,,,2022-12-01,2022-09-01,2022-11-01,36.75,,,,36.75,2022-11-01,uk,false,15
unoAVprNoepzjDQwQzWj6A==,game 3,2022-12-01,55.59,2022-10-01,36.75,,2022-11-01,2023-01-01,,,,55.59,55.59,2023-01-01,uk,false,15
URpBYMANMt6h5bDmQtNfwg==,game 3,2022-11-01,50.82,,,2022-12-01,2022-10-01,2022-12-01,50.82,,,,,,uk,false,17
URpBYMANMt6h5bDmQtNfwg==,game 3,2022-12-01,173.67,2022-11-01,50.82,,2022-11-01,2023-01-01,,122.85,,,173.67,2023-01-01,uk,false,17
urYfKANRgMuaQO9lQnBgnQ==,game 3,2022-05-01,12.66,,,2022-06-01,2022-04-01,2022-06-01,12.66,,,,,,uk,false,31
urYfKANRgMuaQO9lQnBgnQ==,game 3,2022-06-01,13.26,2022-05-01,12.66,2022-07-01,2022-05-01,2022-07-01,,0.60,,,,,uk,false,31
urYfKANRgMuaQO9lQnBgnQ==,game 3,2022-07-01,22.35,2022-06-01,13.26,,2022-06-01,2022-08-01,,9.09,,,22.35,2022-08-01,uk,false,31
+uszcWROLhovU7doCmFOiQ==,game 2,2022-08-01,22.65,,,2022-10-01,2022-07-01,2022-09-01,22.65,,,,22.65,2022-09-01,uk,false,18
+uszcWROLhovU7doCmFOiQ==,game 2,2022-10-01,36.57,2022-08-01,22.65,,2022-09-01,2022-11-01,,,,36.57,36.57,2022-11-01,uk,false,18
UuQtA3rK0dpF7TttUoIAyg==,game 3,2022-10-01,21.81,,,2022-11-01,2022-09-01,2022-11-01,21.81,,,,,,uk,false,19
UuQtA3rK0dpF7TttUoIAyg==,game 3,2022-11-01,59.16,2022-10-01,21.81,,2022-10-01,2022-12-01,,37.35,,,59.16,2022-12-01,uk,false,19
ux4Q9iTbOyaU1c/0SKvF7w==,game 3,2022-10-01,12.03,,,2022-11-01,2022-09-01,2022-11-01,12.03,,,,,,uk,false,26
ux4Q9iTbOyaU1c/0SKvF7w==,game 3,2022-11-01,96.42,2022-10-01,12.03,2022-12-01,2022-10-01,2022-12-01,,84.39,,,,,uk,false,26
ux4Q9iTbOyaU1c/0SKvF7w==,game 3,2022-12-01,28.98,2022-11-01,96.42,,2022-11-01,2023-01-01,,,67.44,,28.98,2023-01-01,uk,false,26
UYHkNfMIVuVaH82KijZH3Q==,game 3,2022-12-01,57.06,,,,2022-11-01,2023-01-01,57.06,,,,57.06,2023-01-01,uk,false,19
V1hFT6jms7MK4yi6EFdt6A==,game 3,2022-09-01,32.10,,,2022-10-01,2022-08-01,2022-10-01,32.10,,,,,,uk,true,18
V1hFT6jms7MK4yi6EFdt6A==,game 3,2022-10-01,33.09,2022-09-01,32.10,2022-11-01,2022-09-01,2022-11-01,,0.99,,,,,uk,true,18
V1hFT6jms7MK4yi6EFdt6A==,game 3,2022-11-01,29.70,2022-10-01,33.09,2022-12-01,2022-10-01,2022-12-01,,,3.39,,,,uk,true,18
V1hFT6jms7MK4yi6EFdt6A==,game 3,2022-12-01,18.9,2022-11-01,29.70,,2022-11-01,2023-01-01,,,10.80,,18.9,2023-01-01,uk,true,18
V7J42heW8l19wiBJ8UpRyw==,game 3,2022-03-01,49.80,,,2022-04-01,2022-02-01,2022-04-01,49.80,,,,,,ru,false,25
V7J42heW8l19wiBJ8UpRyw==,game 3,2022-04-01,36.84,2022-03-01,49.80,2022-05-01,2022-03-01,2022-05-01,,,12.96,,,,ru,false,25
V7J42heW8l19wiBJ8UpRyw==,game 3,2022-05-01,42.72,2022-04-01,36.84,2022-06-01,2022-04-01,2022-06-01,,5.88,,,,,ru,false,25
V7J42heW8l19wiBJ8UpRyw==,game 3,2022-06-01,31.95,2022-05-01,42.72,2022-07-01,2022-05-01,2022-07-01,,,10.77,,,,ru,false,25
V7J42heW8l19wiBJ8UpRyw==,game 3,2022-07-01,67.56,2022-06-01,31.95,2022-08-01,2022-06-01,2022-08-01,,35.61,,,,,ru,false,25
V7J42heW8l19wiBJ8UpRyw==,game 3,2022-08-01,73.41,2022-07-01,67.56,2022-09-01,2022-07-01,2022-09-01,,5.85,,,,,ru,false,25
V7J42heW8l19wiBJ8UpRyw==,game 3,2022-09-01,54.24,2022-08-01,73.41,2022-10-01,2022-08-01,2022-10-01,,,19.17,,,,ru,false,25
V7J42heW8l19wiBJ8UpRyw==,game 3,2022-10-01,56.64,2022-09-01,54.24,2022-11-01,2022-09-01,2022-11-01,,2.40,,,,,ru,false,25
V7J42heW8l19wiBJ8UpRyw==,game 3,2022-11-01,22.29,2022-10-01,56.64,2022-12-01,2022-10-01,2022-12-01,,,34.35,,,,ru,false,25
V7J42heW8l19wiBJ8UpRyw==,game 3,2022-12-01,110.01,2022-11-01,22.29,,2022-11-01,2023-01-01,,87.72,,,110.01,2023-01-01,ru,false,25
v9uJC6CIm0KR00+LpWQUBg==,game 3,2022-06-01,30.87,,,2022-07-01,2022-05-01,2022-07-01,30.87,,,,,,uk,false,18
v9uJC6CIm0KR00+LpWQUBg==,game 3,2022-07-01,94.50,2022-06-01,30.87,2022-09-01,2022-06-01,2022-08-01,,63.63,,,94.50,2022-08-01,uk,false,18
v9uJC6CIm0KR00+LpWQUBg==,game 3,2022-09-01,18.21,2022-07-01,94.50,2022-10-01,2022-08-01,2022-10-01,,,,18.21,,,uk,false,18
v9uJC6CIm0KR00+LpWQUBg==,game 3,2022-10-01,34.62,2022-09-01,18.21,2022-11-01,2022-09-01,2022-11-01,,16.41,,,,,uk,false,18
v9uJC6CIm0KR00+LpWQUBg==,game 3,2022-11-01,72.27,2022-10-01,34.62,2022-12-01,2022-10-01,2022-12-01,,37.65,,,,,uk,false,18
v9uJC6CIm0KR00+LpWQUBg==,game 3,2022-12-01,87.24,2022-11-01,72.27,,2022-11-01,2023-01-01,,14.97,,,87.24,2023-01-01,uk,false,18
va4krMfpHwzELV/AUI7WHQ==,game 3,2022-08-01,21.12,,,2022-09-01,2022-07-01,2022-09-01,21.12,,,,,,uk,false,20
va4krMfpHwzELV/AUI7WHQ==,game 3,2022-09-01,44.25,2022-08-01,21.12,2022-10-01,2022-08-01,2022-10-01,,23.13,,,,,uk,false,20
va4krMfpHwzELV/AUI7WHQ==,game 3,2022-10-01,58.20,2022-09-01,44.25,2022-12-01,2022-09-01,2022-11-01,,13.95,,,58.20,2022-11-01,uk,false,20
va4krMfpHwzELV/AUI7WHQ==,game 3,2022-12-01,21.87,2022-10-01,58.20,,2022-11-01,2023-01-01,,,,21.87,21.87,2023-01-01,uk,false,20
VAduzk1Og0uicXfMLD3VbQ==,game 3,2022-08-01,42.72,,,2022-09-01,2022-07-01,2022-09-01,42.72,,,,,,uk,false,25
VAduzk1Og0uicXfMLD3VbQ==,game 3,2022-09-01,122.01,2022-08-01,42.72,2022-10-01,2022-08-01,2022-10-01,,79.29,,,,,uk,false,25
VAduzk1Og0uicXfMLD3VbQ==,game 3,2022-10-01,80.04,2022-09-01,122.01,2022-12-01,2022-09-01,2022-11-01,,,41.97,,80.04,2022-11-01,uk,false,25
VAduzk1Og0uicXfMLD3VbQ==,game 3,2022-12-01,21.3,2022-10-01,80.04,,2022-11-01,2023-01-01,,,,21.3,21.3,2023-01-01,uk,false,25
Veep00i4vvZbTAVD6GMoiA==,game 3,2022-03-01,12.72,,,2022-04-01,2022-02-01,2022-04-01,12.72,,,,,,uk,false,38
Veep00i4vvZbTAVD6GMoiA==,game 3,2022-04-01,48.33,2022-03-01,12.72,2022-06-01,2022-03-01,2022-05-01,,35.61,,,48.33,2022-05-01,uk,false,38
Veep00i4vvZbTAVD6GMoiA==,game 3,2022-06-01,36.78,2022-04-01,48.33,2022-07-01,2022-05-01,2022-07-01,,,,36.78,,,uk,false,38
Veep00i4vvZbTAVD6GMoiA==,game 3,2022-07-01,31.26,2022-06-01,36.78,2022-08-01,2022-06-01,2022-08-01,,,5.52,,,,uk,false,38
Veep00i4vvZbTAVD6GMoiA==,game 3,2022-08-01,69.36,2022-07-01,31.26,2022-09-01,2022-07-01,2022-09-01,,38.10,,,,,uk,false,38
Veep00i4vvZbTAVD6GMoiA==,game 3,2022-09-01,49.53,2022-08-01,69.36,2022-10-01,2022-08-01,2022-10-01,,,19.83,,,,uk,false,38
Veep00i4vvZbTAVD6GMoiA==,game 3,2022-10-01,126.84,2022-09-01,49.53,2022-11-01,2022-09-01,2022-11-01,,77.31,,,,,uk,false,38
Veep00i4vvZbTAVD6GMoiA==,game 3,2022-11-01,14.85,2022-10-01,126.84,,2022-10-01,2022-12-01,,,111.99,,14.85,2022-12-01,uk,false,38
VGEh7S+cxW9PT7H8KNgEGQ==,game 3,2022-08-01,324.15,,,2022-09-01,2022-07-01,2022-09-01,324.15,,,,,,uk,false,24
VGEh7S+cxW9PT7H8KNgEGQ==,game 3,2022-09-01,220.08,2022-08-01,324.15,2022-10-01,2022-08-01,2022-10-01,,,104.07,,,,uk,false,24
VGEh7S+cxW9PT7H8KNgEGQ==,game 3,2022-10-01,158.67,2022-09-01,220.08,2022-11-01,2022-09-01,2022-11-01,,,61.41,,,,uk,false,24
VGEh7S+cxW9PT7H8KNgEGQ==,game 3,2022-11-01,161.10,2022-10-01,158.67,2022-12-01,2022-10-01,2022-12-01,,2.43,,,,,uk,false,24
VGEh7S+cxW9PT7H8KNgEGQ==,game 3,2022-12-01,84.75,2022-11-01,161.10,,2022-11-01,2023-01-01,,,76.35,,84.75,2023-01-01,uk,false,24
Vn7Z6/B2x4f/w8R6xVfw5w==,game 3,2022-07-01,21.81,,,2022-08-01,2022-06-01,2022-08-01,21.81,,,,,,uk,false,18
Vn7Z6/B2x4f/w8R6xVfw5w==,game 3,2022-08-01,73.20,2022-07-01,21.81,2022-09-01,2022-07-01,2022-09-01,,51.39,,,,,uk,false,18
Vn7Z6/B2x4f/w8R6xVfw5w==,game 3,2022-09-01,72.54,2022-08-01,73.20,2022-10-01,2022-08-01,2022-10-01,,,0.66,,,,uk,false,18
Vn7Z6/B2x4f/w8R6xVfw5w==,game 3,2022-10-01,67.08,2022-09-01,72.54,2022-12-01,2022-09-01,2022-11-01,,,5.46,,67.08,2022-11-01,uk,false,18
Vn7Z6/B2x4f/w8R6xVfw5w==,game 3,2022-12-01,39.39,2022-10-01,67.08,,2022-11-01,2023-01-01,,,,39.39,39.39,2023-01-01,uk,false,18
VsqfOK9/JhBXzScG5Ybudg==,game 3,2022-11-01,15.66,,,,2022-10-01,2022-12-01,15.66,,,,15.66,2022-12-01,uk,false,35
VTaIkhD9hJKcnvA6Kw5p9g==,game 3,2022-09-01,28.32,,,2022-10-01,2022-08-01,2022-10-01,28.32,,,,,,ru,false,25
VTaIkhD9hJKcnvA6Kw5p9g==,game 3,2022-10-01,40.74,2022-09-01,28.32,2022-11-01,2022-09-01,2022-11-01,,12.42,,,,,ru,false,25
VTaIkhD9hJKcnvA6Kw5p9g==,game 3,2022-11-01,161.94,2022-10-01,40.74,2022-12-01,2022-10-01,2022-12-01,,121.20,,,,,ru,false,25
VTaIkhD9hJKcnvA6Kw5p9g==,game 3,2022-12-01,76.80,2022-11-01,161.94,,2022-11-01,2023-01-01,,,85.14,,76.80,2023-01-01,ru,false,25
Vtl1tAkN8ajIRaOwKulKyQ==,game 3,2022-10-01,42.0,,,2022-11-01,2022-09-01,2022-11-01,42.0,,,,,,uk,false,25
Vtl1tAkN8ajIRaOwKulKyQ==,game 3,2022-11-01,21.9,2022-10-01,42.0,2022-12-01,2022-10-01,2022-12-01,,,20.1,,,,uk,false,25
Vtl1tAkN8ajIRaOwKulKyQ==,game 3,2022-12-01,56.58,2022-11-01,21.9,,2022-11-01,2023-01-01,,34.68,,,56.58,2023-01-01,uk,false,25
VzxrkGURuahRUx/43mjAFQ==,game 3,2022-07-01,17.16,,,2022-08-01,2022-06-01,2022-08-01,17.16,,,,,,uk,false,37
VzxrkGURuahRUx/43mjAFQ==,game 3,2022-08-01,39.48,2022-07-01,17.16,2022-10-01,2022-07-01,2022-09-01,,22.32,,,39.48,2022-09-01,uk,false,37
VzxrkGURuahRUx/43mjAFQ==,game 3,2022-10-01,12.33,2022-08-01,39.48,,2022-09-01,2022-11-01,,,,12.33,12.33,2022-11-01,uk,false,37
W6fRYNhsTNHQkvkoFEUaVQ==,game 3,2022-03-01,48.33,,,2022-04-01,2022-02-01,2022-04-01,48.33,,,,,,uk,false,16
W6fRYNhsTNHQkvkoFEUaVQ==,game 3,2022-04-01,57.72,2022-03-01,48.33,2022-05-01,2022-03-01,2022-05-01,,9.39,,,,,uk,false,16
W6fRYNhsTNHQkvkoFEUaVQ==,game 3,2022-05-01,95.91,2022-04-01,57.72,2022-06-01,2022-04-01,2022-06-01,,38.19,,,,,uk,false,16
W6fRYNhsTNHQkvkoFEUaVQ==,game 3,2022-06-01,55.02,2022-05-01,95.91,2022-07-01,2022-05-01,2022-07-01,,,40.89,,,,uk,false,16
W6fRYNhsTNHQkvkoFEUaVQ==,game 3,2022-07-01,96.51,2022-06-01,55.02,2022-09-01,2022-06-01,2022-08-01,,41.49,,,96.51,2022-08-01,uk,false,16
W6fRYNhsTNHQkvkoFEUaVQ==,game 3,2022-09-01,43.5,2022-07-01,96.51,2022-10-01,2022-08-01,2022-10-01,,,,43.5,,,uk,false,16
W6fRYNhsTNHQkvkoFEUaVQ==,game 3,2022-10-01,36.03,2022-09-01,43.5,2022-12-01,2022-09-01,2022-11-01,,,7.47,,36.03,2022-11-01,uk,false,16
W6fRYNhsTNHQkvkoFEUaVQ==,game 3,2022-12-01,39.18,2022-10-01,36.03,,2022-11-01,2023-01-01,,,,39.18,39.18,2023-01-01,uk,false,16
WAdVK2sJHdBL0bCFyVa0ww==,game 3,2022-04-01,24.09,,,,2022-03-01,2022-05-01,24.09,,,,24.09,2022-05-01,uk,false,14
wA+Rd++M6EKUppqQeb+pTw==,game 3,2022-08-01,15.6,,,2022-09-01,2022-07-01,2022-09-01,15.6,,,,,,uk,false,20
wA+Rd++M6EKUppqQeb+pTw==,game 3,2022-09-01,12.15,2022-08-01,15.6,2022-10-01,2022-08-01,2022-10-01,,,3.45,,,,uk,false,20
wA+Rd++M6EKUppqQeb+pTw==,game 3,2022-10-01,31.92,2022-09-01,12.15,2022-11-01,2022-09-01,2022-11-01,,19.77,,,,,uk,false,20
wA+Rd++M6EKUppqQeb+pTw==,game 3,2022-11-01,18.93,2022-10-01,31.92,2022-12-01,2022-10-01,2022-12-01,,,12.99,,,,uk,false,20
wA+Rd++M6EKUppqQeb+pTw==,game 3,2022-12-01,22.71,2022-11-01,18.93,,2022-11-01,2023-01-01,,3.78,,,22.71,2023-01-01,uk,false,20
WDsSR+yQGqoMMBfCxqkZlw==,game 3,2022-05-01,49.05,,,2022-06-01,2022-04-01,2022-06-01,49.05,,,,,,uk,false,24
WDsSR+yQGqoMMBfCxqkZlw==,game 3,2022-06-01,91.05,2022-05-01,49.05,2022-07-01,2022-05-01,2022-07-01,,42.00,,,,,uk,false,24
WDsSR+yQGqoMMBfCxqkZlw==,game 3,2022-07-01,109.26,2022-06-01,91.05,2022-10-01,2022-06-01,2022-08-01,,18.21,,,109.26,2022-08-01,uk,false,24
WDsSR+yQGqoMMBfCxqkZlw==,game 3,2022-10-01,71.91,2022-07-01,109.26,2022-11-01,2022-09-01,2022-11-01,,,,71.91,,,uk,false,24
WDsSR+yQGqoMMBfCxqkZlw==,game 3,2022-11-01,39.24,2022-10-01,71.91,,2022-10-01,2022-12-01,,,32.67,,39.24,2022-12-01,uk,false,24
wDXJbTe2RLmAMKsPm5zZDg==,game 3,2022-05-01,74.01,,,2022-06-01,2022-04-01,2022-06-01,74.01,,,,,,ru,false,17
wDXJbTe2RLmAMKsPm5zZDg==,game 3,2022-06-01,204.48,2022-05-01,74.01,2022-07-01,2022-05-01,2022-07-01,,130.47,,,,,ru,false,17
wDXJbTe2RLmAMKsPm5zZDg==,game 3,2022-07-01,76.92,2022-06-01,204.48,2022-08-01,2022-06-01,2022-08-01,,,127.56,,,,ru,false,17
wDXJbTe2RLmAMKsPm5zZDg==,game 3,2022-08-01,103.71,2022-07-01,76.92,2022-09-01,2022-07-01,2022-09-01,,26.79,,,,,ru,false,17
wDXJbTe2RLmAMKsPm5zZDg==,game 3,2022-09-01,24.33,2022-08-01,103.71,2022-10-01,2022-08-01,2022-10-01,,,79.38,,,,ru,false,17
wDXJbTe2RLmAMKsPm5zZDg==,game 3,2022-10-01,98.55,2022-09-01,24.33,,2022-09-01,2022-11-01,,74.22,,,98.55,2022-11-01,ru,false,17
WHwqHTWZHdOrSBFh/vackQ==,game 3,2022-09-01,13.2,,,2022-10-01,2022-08-01,2022-10-01,13.2,,,,,,uk,false,18
WHwqHTWZHdOrSBFh/vackQ==,game 3,2022-10-01,66.84,2022-09-01,13.2,,2022-09-01,2022-11-01,,53.64,,,66.84,2022-11-01,uk,false,18
Wi8qtp9drPDZD0laCPi2Ng==,game 3,2022-05-01,12.99,,,2022-06-01,2022-04-01,2022-06-01,12.99,,,,,,uk,false,26
Wi8qtp9drPDZD0laCPi2Ng==,game 3,2022-06-01,14.04,2022-05-01,12.99,2022-09-01,2022-05-01,2022-07-01,,1.05,,,14.04,2022-07-01,uk,false,26
Wi8qtp9drPDZD0laCPi2Ng==,game 3,2022-09-01,26.64,2022-06-01,14.04,2022-12-01,2022-08-01,2022-10-01,,,,26.64,26.64,2022-10-01,uk,false,26
Wi8qtp9drPDZD0laCPi2Ng==,game 3,2022-12-01,13.14,2022-09-01,26.64,,2022-11-01,2023-01-01,,,,13.14,13.14,2023-01-01,uk,false,26
wjWDL/+l9D+LVt/9gNMH5Q==,game 3,2022-05-01,12.12,,,2022-06-01,2022-04-01,2022-06-01,12.12,,,,,,ru,false,20
wjWDL/+l9D+LVt/9gNMH5Q==,game 3,2022-06-01,13.08,2022-05-01,12.12,2022-07-01,2022-05-01,2022-07-01,,0.96,,,,,ru,false,20
wjWDL/+l9D+LVt/9gNMH5Q==,game 3,2022-07-01,35.22,2022-06-01,13.08,2022-09-01,2022-06-01,2022-08-01,,22.14,,,35.22,2022-08-01,ru,false,20
wjWDL/+l9D+LVt/9gNMH5Q==,game 3,2022-09-01,43.53,2022-07-01,35.22,2022-10-01,2022-08-01,2022-10-01,,,,43.53,,,ru,false,20
wjWDL/+l9D+LVt/9gNMH5Q==,game 3,2022-10-01,118.62,2022-09-01,43.53,2022-11-01,2022-09-01,2022-11-01,,75.09,,,,,ru,false,20
wjWDL/+l9D+LVt/9gNMH5Q==,game 3,2022-11-01,35.70,2022-10-01,118.62,,2022-10-01,2022-12-01,,,82.92,,35.70,2022-12-01,ru,false,20
WMcncRFNp4e91e/Y3CwEvQ==,game 3,2022-07-01,14.04,,,2022-08-01,2022-06-01,2022-08-01,14.04,,,,,,uk,false,23
WMcncRFNp4e91e/Y3CwEvQ==,game 3,2022-08-01,41.16,2022-07-01,14.04,2022-09-01,2022-07-01,2022-09-01,,27.12,,,,,uk,false,23
WMcncRFNp4e91e/Y3CwEvQ==,game 3,2022-09-01,57.06,2022-08-01,41.16,2022-10-01,2022-08-01,2022-10-01,,15.90,,,,,uk,false,23
WMcncRFNp4e91e/Y3CwEvQ==,game 3,2022-10-01,19.74,2022-09-01,57.06,2022-11-01,2022-09-01,2022-11-01,,,37.32,,,,uk,false,23
WMcncRFNp4e91e/Y3CwEvQ==,game 3,2022-11-01,42.60,2022-10-01,19.74,2022-12-01,2022-10-01,2022-12-01,,22.86,,,,,uk,false,23
WMcncRFNp4e91e/Y3CwEvQ==,game 3,2022-12-01,30.90,2022-11-01,42.60,,2022-11-01,2023-01-01,,,11.70,,30.90,2023-01-01,uk,false,23
wRHnn4opzbqIBjFFNpBJtw==,game 3,2022-07-01,12.99,,,2022-10-01,2022-06-01,2022-08-01,12.99,,,,12.99,2022-08-01,uk,false,29
wRHnn4opzbqIBjFFNpBJtw==,game 3,2022-10-01,13.59,2022-07-01,12.99,2022-11-01,2022-09-01,2022-11-01,,,,13.59,,,uk,false,29
wRHnn4opzbqIBjFFNpBJtw==,game 3,2022-11-01,30.48,2022-10-01,13.59,,2022-10-01,2022-12-01,,16.89,,,30.48,2022-12-01,uk,false,29
WRx4ye0bvLc4925ketwxzQ==,game 3,2022-10-01,19.8,,,2022-11-01,2022-09-01,2022-11-01,19.8,,,,,,uk,false,14
WRx4ye0bvLc4925ketwxzQ==,game 3,2022-11-01,50.82,2022-10-01,19.8,2022-12-01,2022-10-01,2022-12-01,,31.02,,,,,uk,false,14
WRx4ye0bvLc4925ketwxzQ==,game 3,2022-12-01,76.23,2022-11-01,50.82,,2022-11-01,2023-01-01,,25.41,,,76.23,2023-01-01,uk,false,14
WSQTlRZJRg4Rb+rqe56nJg==,game 3,2022-06-01,14.7,,,2022-07-01,2022-05-01,2022-07-01,14.7,,,,,,uk,false,26
WSQTlRZJRg4Rb+rqe56nJg==,game 3,2022-07-01,33.75,2022-06-01,14.7,2022-08-01,2022-06-01,2022-08-01,,19.05,,,,,uk,false,26
WSQTlRZJRg4Rb+rqe56nJg==,game 3,2022-08-01,26.31,2022-07-01,33.75,2022-09-01,2022-07-01,2022-09-01,,,7.44,,,,uk,false,26
WSQTlRZJRg4Rb+rqe56nJg==,game 3,2022-09-01,30.51,2022-08-01,26.31,2022-10-01,2022-08-01,2022-10-01,,4.20,,,,,uk,false,26
WSQTlRZJRg4Rb+rqe56nJg==,game 3,2022-10-01,32.13,2022-09-01,30.51,2022-11-01,2022-09-01,2022-11-01,,1.62,,,,,uk,false,26
WSQTlRZJRg4Rb+rqe56nJg==,game 3,2022-11-01,17.67,2022-10-01,32.13,2022-12-01,2022-10-01,2022-12-01,,,14.46,,,,uk,false,26
WSQTlRZJRg4Rb+rqe56nJg==,game 3,2022-12-01,13.98,2022-11-01,17.67,,2022-11-01,2023-01-01,,,3.69,,13.98,2023-01-01,uk,false,26
Wua5DlzLb2yNeSrcG9Xi3g==,game 3,2022-04-01,59.85,,,2022-05-01,2022-03-01,2022-05-01,59.85,,,,,,uk,false,23
Wua5DlzLb2yNeSrcG9Xi3g==,game 3,2022-05-01,68.73,2022-04-01,59.85,2022-09-01,2022-04-01,2022-06-01,,8.88,,,68.73,2022-06-01,uk,false,23
Wua5DlzLb2yNeSrcG9Xi3g==,game 3,2022-09-01,17.67,2022-05-01,68.73,2022-10-01,2022-08-01,2022-10-01,,,,17.67,,,uk,false,23
Wua5DlzLb2yNeSrcG9Xi3g==,game 3,2022-10-01,26.28,2022-09-01,17.67,,2022-09-01,2022-11-01,,8.61,,,26.28,2022-11-01,uk,false,23
XD0CalOV926o6zGoOAKfVA==,game 3,2022-10-01,12.75,,,,2022-09-01,2022-11-01,12.75,,,,12.75,2022-11-01,uk,true,14
XE2e8BsmBo72HxABlJmsRw==,game 3,2022-03-01,38.16,,,,2022-02-01,2022-04-01,38.16,,,,38.16,2022-04-01,uk,false,20
xiXTXOEbWU+HnGOUmgc9/w==,game 3,2022-03-01,24.18,,,2022-04-01,2022-02-01,2022-04-01,24.18,,,,,,uk,false,20
xiXTXOEbWU+HnGOUmgc9/w==,game 3,2022-04-01,99.84,2022-03-01,24.18,2022-05-01,2022-03-01,2022-05-01,,75.66,,,,,uk,false,20
xiXTXOEbWU+HnGOUmgc9/w==,game 3,2022-05-01,73.29,2022-04-01,99.84,2022-06-01,2022-04-01,2022-06-01,,,26.55,,,,uk,false,20
xiXTXOEbWU+HnGOUmgc9/w==,game 3,2022-06-01,15.06,2022-05-01,73.29,2022-07-01,2022-05-01,2022-07-01,,,58.23,,,,uk,false,20
xiXTXOEbWU+HnGOUmgc9/w==,game 3,2022-07-01,45.75,2022-06-01,15.06,2022-08-01,2022-06-01,2022-08-01,,30.69,,,,,uk,false,20
xiXTXOEbWU+HnGOUmgc9/w==,game 3,2022-08-01,13.47,2022-07-01,45.75,,2022-07-01,2022-09-01,,,32.28,,13.47,2022-09-01,uk,false,20
xnLJlU804PSS9tXKmm7gZQ==,game 3,2022-04-01,26.61,,,2022-05-01,2022-03-01,2022-05-01,26.61,,,,,,ru,true,21
xnLJlU804PSS9tXKmm7gZQ==,game 3,2022-05-01,96.06,2022-04-01,26.61,2022-06-01,2022-04-01,2022-06-01,,69.45,,,,,ru,true,21
xnLJlU804PSS9tXKmm7gZQ==,game 3,2022-06-01,35.88,2022-05-01,96.06,2022-07-01,2022-05-01,2022-07-01,,,60.18,,,,ru,true,21
xnLJlU804PSS9tXKmm7gZQ==,game 3,2022-07-01,56.34,2022-06-01,35.88,2022-08-01,2022-06-01,2022-08-01,,20.46,,,,,ru,true,21
xnLJlU804PSS9tXKmm7gZQ==,game 3,2022-08-01,12.6,2022-07-01,56.34,2022-09-01,2022-07-01,2022-09-01,,,43.74,,,,ru,true,21
xnLJlU804PSS9tXKmm7gZQ==,game 3,2022-09-01,32.70,2022-08-01,12.6,2022-10-01,2022-08-01,2022-10-01,,20.10,,,,,ru,true,21
xnLJlU804PSS9tXKmm7gZQ==,game 3,2022-10-01,27.30,2022-09-01,32.70,2022-11-01,2022-09-01,2022-11-01,,,5.40,,,,ru,true,21
xnLJlU804PSS9tXKmm7gZQ==,game 3,2022-11-01,45.24,2022-10-01,27.30,2022-12-01,2022-10-01,2022-12-01,,17.94,,,,,ru,true,21
xnLJlU804PSS9tXKmm7gZQ==,game 3,2022-12-01,20.88,2022-11-01,45.24,,2022-11-01,2023-01-01,,,24.36,,20.88,2023-01-01,ru,true,21
+XPKfmhBmI2NdGQ96Iaysg==,game 3,2022-07-01,31.14,,,2022-08-01,2022-06-01,2022-08-01,31.14,,,,,,uk,false,38
+XPKfmhBmI2NdGQ96Iaysg==,game 3,2022-08-01,18.48,2022-07-01,31.14,2022-09-01,2022-07-01,2022-09-01,,,12.66,,,,uk,false,38
+XPKfmhBmI2NdGQ96Iaysg==,game 3,2022-09-01,21.87,2022-08-01,18.48,2022-10-01,2022-08-01,2022-10-01,,3.39,,,,,uk,false,38
+XPKfmhBmI2NdGQ96Iaysg==,game 3,2022-10-01,16.35,2022-09-01,21.87,2022-12-01,2022-09-01,2022-11-01,,,5.52,,16.35,2022-11-01,uk,false,38
+XPKfmhBmI2NdGQ96Iaysg==,game 3,2022-12-01,46.38,2022-10-01,16.35,,2022-11-01,2023-01-01,,,,46.38,46.38,2023-01-01,uk,false,38
XqdSNtx2TLDI6FMex45KTw==,game 3,2022-09-01,18.54,,,2022-10-01,2022-08-01,2022-10-01,18.54,,,,,,uk,false,33
XqdSNtx2TLDI6FMex45KTw==,game 3,2022-10-01,17.13,2022-09-01,18.54,,2022-09-01,2022-11-01,,,1.41,,17.13,2022-11-01,uk,false,33
xSi5UajdkNHXppWOTm6g8w==,game 3,2022-07-01,39.21,,,2022-08-01,2022-06-01,2022-08-01,39.21,,,,,,uk,false,20
xSi5UajdkNHXppWOTm6g8w==,game 3,2022-08-01,91.56,2022-07-01,39.21,2022-09-01,2022-07-01,2022-09-01,,52.35,,,,,uk,false,20
xSi5UajdkNHXppWOTm6g8w==,game 3,2022-09-01,67.56,2022-08-01,91.56,2022-10-01,2022-08-01,2022-10-01,,,24.00,,,,uk,false,20
xSi5UajdkNHXppWOTm6g8w==,game 3,2022-10-01,155.16,2022-09-01,67.56,2022-11-01,2022-09-01,2022-11-01,,87.60,,,,,uk,false,20
xSi5UajdkNHXppWOTm6g8w==,game 3,2022-11-01,78.48,2022-10-01,155.16,2022-12-01,2022-10-01,2022-12-01,,,76.68,,,,uk,false,20
xSi5UajdkNHXppWOTm6g8w==,game 3,2022-12-01,90.12,2022-11-01,78.48,,2022-11-01,2023-01-01,,11.64,,,90.12,2023-01-01,uk,false,20
xt/PY4N2zkZQgtlZ9Cg82w==,game 3,2022-06-01,67.71,,,2022-07-01,2022-05-01,2022-07-01,67.71,,,,,,ru,false,24
xt/PY4N2zkZQgtlZ9Cg82w==,game 3,2022-07-01,107.31,2022-06-01,67.71,2022-08-01,2022-06-01,2022-08-01,,39.60,,,,,ru,false,24
xt/PY4N2zkZQgtlZ9Cg82w==,game 3,2022-08-01,17.46,2022-07-01,107.31,2022-09-01,2022-07-01,2022-09-01,,,89.85,,,,ru,false,24
xt/PY4N2zkZQgtlZ9Cg82w==,game 3,2022-09-01,44.04,2022-08-01,17.46,2022-11-01,2022-08-01,2022-10-01,,26.58,,,44.04,2022-10-01,ru,false,24
xt/PY4N2zkZQgtlZ9Cg82w==,game 3,2022-11-01,90.45,2022-09-01,44.04,2022-12-01,2022-10-01,2022-12-01,,,,90.45,,,ru,false,24
xt/PY4N2zkZQgtlZ9Cg82w==,game 3,2022-12-01,55.68,2022-11-01,90.45,,2022-11-01,2023-01-01,,,34.77,,55.68,2023-01-01,ru,false,24
xU11jJIA4UIYu7pmqJ4kvg==,game 3,2022-07-01,27.06,,,2022-10-01,2022-06-01,2022-08-01,27.06,,,,27.06,2022-08-01,uk,false,25
xU11jJIA4UIYu7pmqJ4kvg==,game 3,2022-10-01,32.1,2022-07-01,27.06,2022-11-01,2022-09-01,2022-11-01,,,,32.1,,,uk,false,25
xU11jJIA4UIYu7pmqJ4kvg==,game 3,2022-11-01,28.71,2022-10-01,32.1,2022-12-01,2022-10-01,2022-12-01,,,3.39,,,,uk,false,25
xU11jJIA4UIYu7pmqJ4kvg==,game 3,2022-12-01,18.3,2022-11-01,28.71,,2022-11-01,2023-01-01,,,10.41,,18.3,2023-01-01,uk,false,25
xVwGwMaEG1yZydv5VIfEQA==,game 3,2022-05-01,17.4,,,2022-07-01,2022-04-01,2022-06-01,17.4,,,,17.4,2022-06-01,uk,false,22
xVwGwMaEG1yZydv5VIfEQA==,game 3,2022-07-01,15.87,2022-05-01,17.4,2022-08-01,2022-06-01,2022-08-01,,,,15.87,,,uk,false,22
xVwGwMaEG1yZydv5VIfEQA==,game 3,2022-08-01,17.94,2022-07-01,15.87,2022-09-01,2022-07-01,2022-09-01,,2.07,,,,,uk,false,22
xVwGwMaEG1yZydv5VIfEQA==,game 3,2022-09-01,62.97,2022-08-01,17.94,2022-10-01,2022-08-01,2022-10-01,,45.03,,,,,uk,false,22
xVwGwMaEG1yZydv5VIfEQA==,game 3,2022-10-01,47.22,2022-09-01,62.97,2022-11-01,2022-09-01,2022-11-01,,,15.75,,,,uk,false,22
xVwGwMaEG1yZydv5VIfEQA==,game 3,2022-11-01,33.9,2022-10-01,47.22,2022-12-01,2022-10-01,2022-12-01,,,13.32,,,,uk,false,22
xVwGwMaEG1yZydv5VIfEQA==,game 3,2022-12-01,51.45,2022-11-01,33.9,,2022-11-01,2023-01-01,,17.55,,,51.45,2023-01-01,uk,false,22
xxq2c4woAI3bLul1xOzwtQ==,game 3,2022-12-01,17.49,,,,2022-11-01,2023-01-01,17.49,,,,17.49,2023-01-01,uk,false,23
xZMY1f3dijkAd2lWkkI4Ow==,game 3,2022-12-01,24.69,,,,2022-11-01,2023-01-01,24.69,,,,24.69,2023-01-01,uk,true,21
YC2fZQTQXV2UR1/WHDrVqw==,game 3,2022-10-01,33.54,,,2022-11-01,2022-09-01,2022-11-01,33.54,,,,,,uk,false,14
YC2fZQTQXV2UR1/WHDrVqw==,game 3,2022-11-01,113.22,2022-10-01,33.54,2022-12-01,2022-10-01,2022-12-01,,79.68,,,,,uk,false,14
YC2fZQTQXV2UR1/WHDrVqw==,game 3,2022-12-01,72.42,2022-11-01,113.22,,2022-11-01,2023-01-01,,,40.80,,72.42,2023-01-01,uk,false,14
yFNWN0sYyxkSJ+yLRq1WqA==,game 3,2022-09-01,114.27,,,2022-10-01,2022-08-01,2022-10-01,114.27,,,,,,uk,false,16
yFNWN0sYyxkSJ+yLRq1WqA==,game 3,2022-10-01,34.35,2022-09-01,114.27,2022-11-01,2022-09-01,2022-11-01,,,79.92,,,,uk,false,16
yFNWN0sYyxkSJ+yLRq1WqA==,game 3,2022-11-01,133.80,2022-10-01,34.35,2022-12-01,2022-10-01,2022-12-01,,99.45,,,,,uk,false,16
yFNWN0sYyxkSJ+yLRq1WqA==,game 3,2022-12-01,93.84,2022-11-01,133.80,,2022-11-01,2023-01-01,,,39.96,,93.84,2023-01-01,uk,false,16
yH7KH2AG/PGgQiNV7uTTGg==,game 3,2022-08-01,14.88,,,2022-10-01,2022-07-01,2022-09-01,14.88,,,,14.88,2022-09-01,ru,false,19
yH7KH2AG/PGgQiNV7uTTGg==,game 3,2022-10-01,54.69,2022-08-01,14.88,,2022-09-01,2022-11-01,,,,54.69,54.69,2022-11-01,ru,false,19
Yh9mYycPmc8CH9Rbjhu3ZQ==,game 3,2022-07-01,14.64,,,2022-08-01,2022-06-01,2022-08-01,14.64,,,,,,uk,false,28
Yh9mYycPmc8CH9Rbjhu3ZQ==,game 3,2022-08-01,30.39,2022-07-01,14.64,2022-09-01,2022-07-01,2022-09-01,,15.75,,,,,uk,false,28
Yh9mYycPmc8CH9Rbjhu3ZQ==,game 3,2022-09-01,45.12,2022-08-01,30.39,,2022-08-01,2022-10-01,,14.73,,,45.12,2022-10-01,uk,false,28
ymEApWLjh3I9oLJnWIBHFA==,game 3,2022-09-01,33.27,,,2022-10-01,2022-08-01,2022-10-01,33.27,,,,,,uk,false,19
ymEApWLjh3I9oLJnWIBHFA==,game 3,2022-10-01,17.7,2022-09-01,33.27,2022-12-01,2022-09-01,2022-11-01,,,15.57,,17.7,2022-11-01,uk,false,19
ymEApWLjh3I9oLJnWIBHFA==,game 3,2022-12-01,24.09,2022-10-01,17.7,,2022-11-01,2023-01-01,,,,24.09,24.09,2023-01-01,uk,false,19
Y/nf8iBu/UCaNAuIRRjVwA==,game 3,2022-03-01,24.27,,,2022-04-01,2022-02-01,2022-04-01,24.27,,,,,,uk,false,15
Y/nf8iBu/UCaNAuIRRjVwA==,game 3,2022-04-01,20.43,2022-03-01,24.27,2022-05-01,2022-03-01,2022-05-01,,,3.84,,,,uk,false,15
Y/nf8iBu/UCaNAuIRRjVwA==,game 3,2022-05-01,15.33,2022-04-01,20.43,2022-06-01,2022-04-01,2022-06-01,,,5.10,,,,uk,false,15
Y/nf8iBu/UCaNAuIRRjVwA==,game 3,2022-06-01,41.13,2022-05-01,15.33,2022-07-01,2022-05-01,2022-07-01,,25.80,,,,,uk,false,15
Y/nf8iBu/UCaNAuIRRjVwA==,game 3,2022-07-01,63.63,2022-06-01,41.13,2022-08-01,2022-06-01,2022-08-01,,22.50,,,,,uk,false,15
Y/nf8iBu/UCaNAuIRRjVwA==,game 3,2022-08-01,34.86,2022-07-01,63.63,2022-09-01,2022-07-01,2022-09-01,,,28.77,,,,uk,false,15
Y/nf8iBu/UCaNAuIRRjVwA==,game 3,2022-09-01,20.16,2022-08-01,34.86,2022-10-01,2022-08-01,2022-10-01,,,14.70,,,,uk,false,15
Y/nf8iBu/UCaNAuIRRjVwA==,game 3,2022-10-01,43.53,2022-09-01,20.16,,2022-09-01,2022-11-01,,23.37,,,43.53,2022-11-01,uk,false,15
ytNOQh7e6qNGQNC0T3RBxw==,game 3,2022-07-01,14.13,,,2022-08-01,2022-06-01,2022-08-01,14.13,,,,,,ru,true,26
ytNOQh7e6qNGQNC0T3RBxw==,game 3,2022-08-01,40.83,2022-07-01,14.13,2022-09-01,2022-07-01,2022-09-01,,26.70,,,,,ru,true,26
ytNOQh7e6qNGQNC0T3RBxw==,game 3,2022-09-01,90.09,2022-08-01,40.83,2022-10-01,2022-08-01,2022-10-01,,49.26,,,,,ru,true,26
ytNOQh7e6qNGQNC0T3RBxw==,game 3,2022-10-01,17.82,2022-09-01,90.09,2022-12-01,2022-09-01,2022-11-01,,,72.27,,17.82,2022-11-01,ru,true,26
ytNOQh7e6qNGQNC0T3RBxw==,game 3,2022-12-01,16.47,2022-10-01,17.82,,2022-11-01,2023-01-01,,,,16.47,16.47,2023-01-01,ru,true,26
yZ1P1v1eYIbyD5wRy0chGw==,game 3,2022-09-01,14.91,,,2022-10-01,2022-08-01,2022-10-01,14.91,,,,,,uk,false,33
yZ1P1v1eYIbyD5wRy0chGw==,game 3,2022-10-01,17.64,2022-09-01,14.91,2022-11-01,2022-09-01,2022-11-01,,2.73,,,,,uk,false,33
yZ1P1v1eYIbyD5wRy0chGw==,game 3,2022-11-01,30.78,2022-10-01,17.64,,2022-10-01,2022-12-01,,13.14,,,30.78,2022-12-01,uk,false,33
Z7/6qvk8WKH3uR6IMYlCxw==,game 3,2022-05-01,12.09,,,2022-06-01,2022-04-01,2022-06-01,12.09,,,,,,uk,false,30
Z7/6qvk8WKH3uR6IMYlCxw==,game 3,2022-06-01,14.43,2022-05-01,12.09,2022-07-01,2022-05-01,2022-07-01,,2.34,,,,,uk,false,30
Z7/6qvk8WKH3uR6IMYlCxw==,game 3,2022-07-01,25.20,2022-06-01,14.43,2022-09-01,2022-06-01,2022-08-01,,10.77,,,25.20,2022-08-01,uk,false,30
Z7/6qvk8WKH3uR6IMYlCxw==,game 3,2022-09-01,29.67,2022-07-01,25.20,2022-11-01,2022-08-01,2022-10-01,,,,29.67,29.67,2022-10-01,uk,false,30
Z7/6qvk8WKH3uR6IMYlCxw==,game 3,2022-11-01,19.05,2022-09-01,29.67,,2022-10-01,2022-12-01,,,,19.05,19.05,2022-12-01,uk,false,30
ZeMBdi9hmR0vUv+lyZiypQ==,game 3,2022-03-01,25.41,,,,2022-02-01,2022-04-01,25.41,,,,25.41,2022-04-01,uk,false,22
zeu++qOqokuGcT0ghN97bQ==,game 3,2022-08-01,59.34,,,2022-10-01,2022-07-01,2022-09-01,59.34,,,,59.34,2022-09-01,ru,false,34
zeu++qOqokuGcT0ghN97bQ==,game 3,2022-10-01,31.8,2022-08-01,59.34,,2022-09-01,2022-11-01,,,,31.8,31.8,2022-11-01,ru,false,34
ZgTMXDOYCQOiAw4VI8H7AA==,game 3,2022-06-01,14.55,,,2022-07-01,2022-05-01,2022-07-01,14.55,,,,,,uk,false,25
ZgTMXDOYCQOiAw4VI8H7AA==,game 3,2022-07-01,21.63,2022-06-01,14.55,2022-08-01,2022-06-01,2022-08-01,,7.08,,,,,uk,false,25
ZgTMXDOYCQOiAw4VI8H7AA==,game 3,2022-08-01,90.63,2022-07-01,21.63,2022-09-01,2022-07-01,2022-09-01,,69.00,,,,,uk,false,25
ZgTMXDOYCQOiAw4VI8H7AA==,game 3,2022-09-01,79.17,2022-08-01,90.63,2022-11-01,2022-08-01,2022-10-01,,,11.46,,79.17,2022-10-01,uk,false,25
ZgTMXDOYCQOiAw4VI8H7AA==,game 3,2022-11-01,19.8,2022-09-01,79.17,2022-12-01,2022-10-01,2022-12-01,,,,19.8,,,uk,false,25
ZgTMXDOYCQOiAw4VI8H7AA==,game 3,2022-12-01,12.21,2022-11-01,19.8,,2022-11-01,2023-01-01,,,7.59,,12.21,2023-01-01,uk,false,25
ZmjMhgyYl6o8iFq964FEWg==,game 3,2022-03-01,54.60,,,2022-04-01,2022-02-01,2022-04-01,54.60,,,,,,ru,false,17
ZmjMhgyYl6o8iFq964FEWg==,game 3,2022-04-01,56.70,2022-03-01,54.60,2022-05-01,2022-03-01,2022-05-01,,2.10,,,,,ru,false,17
ZmjMhgyYl6o8iFq964FEWg==,game 3,2022-05-01,27.0,2022-04-01,56.70,2022-06-01,2022-04-01,2022-06-01,,,29.70,,,,ru,false,17
ZmjMhgyYl6o8iFq964FEWg==,game 3,2022-06-01,68.58,2022-05-01,27.0,2022-07-01,2022-05-01,2022-07-01,,41.58,,,,,ru,false,17
ZmjMhgyYl6o8iFq964FEWg==,game 3,2022-07-01,18.75,2022-06-01,68.58,2022-08-01,2022-06-01,2022-08-01,,,49.83,,,,ru,false,17
ZmjMhgyYl6o8iFq964FEWg==,game 3,2022-08-01,81.84,2022-07-01,18.75,2022-09-01,2022-07-01,2022-09-01,,63.09,,,,,ru,false,17
ZmjMhgyYl6o8iFq964FEWg==,game 3,2022-09-01,67.65,2022-08-01,81.84,2022-10-01,2022-08-01,2022-10-01,,,14.19,,,,ru,false,17
ZmjMhgyYl6o8iFq964FEWg==,game 3,2022-10-01,41.76,2022-09-01,67.65,2022-12-01,2022-09-01,2022-11-01,,,25.89,,41.76,2022-11-01,ru,false,17
ZmjMhgyYl6o8iFq964FEWg==,game 3,2022-12-01,16.95,2022-10-01,41.76,,2022-11-01,2023-01-01,,,,16.95,16.95,2023-01-01,ru,false,17
ZmnZeh2zth0OyQaAzd6eTA==,game 3,2022-08-01,13.74,,,,2022-07-01,2022-09-01,13.74,,,,13.74,2022-09-01,uk,false,41
zmZPan/KZoyrIR2r/SvLdA==,game 3,2022-05-01,133.14,,,2022-07-01,2022-04-01,2022-06-01,133.14,,,,133.14,2022-06-01,ru,false,15
zmZPan/KZoyrIR2r/SvLdA==,game 3,2022-07-01,70.89,2022-05-01,133.14,2022-08-01,2022-06-01,2022-08-01,,,,70.89,,,ru,false,15
zmZPan/KZoyrIR2r/SvLdA==,game 3,2022-08-01,74.31,2022-07-01,70.89,2022-09-01,2022-07-01,2022-09-01,,3.42,,,,,ru,false,15
zmZPan/KZoyrIR2r/SvLdA==,game 3,2022-09-01,25.08,2022-08-01,74.31,2022-10-01,2022-08-01,2022-10-01,,,49.23,,,,ru,false,15
zmZPan/KZoyrIR2r/SvLdA==,game 3,2022-10-01,56.58,2022-09-01,25.08,2022-11-01,2022-09-01,2022-11-01,,31.50,,,,,ru,false,15
zmZPan/KZoyrIR2r/SvLdA==,game 3,2022-11-01,130.02,2022-10-01,56.58,2022-12-01,2022-10-01,2022-12-01,,73.44,,,,,ru,false,15
zmZPan/KZoyrIR2r/SvLdA==,game 3,2022-12-01,100.05,2022-11-01,130.02,,2022-11-01,2023-01-01,,,29.97,,100.05,2023-01-01,ru,false,15
zPcHw1fZkSGh7nJeVe2QYw==,game 3,2022-11-01,32.16,,,2022-12-01,2022-10-01,2022-12-01,32.16,,,,,,ru,true,14
zPcHw1fZkSGh7nJeVe2QYw==,game 3,2022-12-01,39.66,2022-11-01,32.16,,2022-11-01,2023-01-01,,7.50,,,39.66,2023-01-01,ru,true,14
zSepnWFgLH0tQb1s4mxKZQ==,game 3,2022-03-01,23.01,,,2022-04-01,2022-02-01,2022-04-01,23.01,,,,,,uk,false,24
zSepnWFgLH0tQb1s4mxKZQ==,game 3,2022-04-01,71.52,2022-03-01,23.01,2022-05-01,2022-03-01,2022-05-01,,48.51,,,,,uk,false,24
zSepnWFgLH0tQb1s4mxKZQ==,game 3,2022-05-01,16.05,2022-04-01,71.52,2022-06-01,2022-04-01,2022-06-01,,,55.47,,,,uk,false,24
zSepnWFgLH0tQb1s4mxKZQ==,game 3,2022-06-01,25.56,2022-05-01,16.05,2022-07-01,2022-05-01,2022-07-01,,9.51,,,,,uk,false,24
zSepnWFgLH0tQb1s4mxKZQ==,game 3,2022-07-01,14.4,2022-06-01,25.56,2022-08-01,2022-06-01,2022-08-01,,,11.16,,,,uk,false,24
zSepnWFgLH0tQb1s4mxKZQ==,game 3,2022-08-01,36.18,2022-07-01,14.4,2022-09-01,2022-07-01,2022-09-01,,21.78,,,,,uk,false,24
zSepnWFgLH0tQb1s4mxKZQ==,game 3,2022-09-01,39.87,2022-08-01,36.18,2022-10-01,2022-08-01,2022-10-01,,3.69,,,,,uk,false,24
zSepnWFgLH0tQb1s4mxKZQ==,game 3,2022-10-01,48.63,2022-09-01,39.87,2022-11-01,2022-09-01,2022-11-01,,8.76,,,,,uk,false,24
zSepnWFgLH0tQb1s4mxKZQ==,game 3,2022-11-01,20.28,2022-10-01,48.63,2022-12-01,2022-10-01,2022-12-01,,,28.35,,,,uk,false,24
zSepnWFgLH0tQb1s4mxKZQ==,game 3,2022-12-01,39.51,2022-11-01,20.28,,2022-11-01,2023-01-01,,19.23,,,39.51,2023-01-01,uk,false,24
ztW05pPmN1YloSEDlJoJ3g==,game 3,2022-12-01,32.94,,,,2022-11-01,2023-01-01,32.94,,,,32.94,2023-01-01,uk,false,20
ZU1vF9G4TjB+iEZ001MU3g==,game 3,2022-06-01,17.22,,,2022-07-01,2022-05-01,2022-07-01,17.22,,,,,,ru,false,29
ZU1vF9G4TjB+iEZ001MU3g==,game 3,2022-07-01,22.2,2022-06-01,17.22,2022-08-01,2022-06-01,2022-08-01,,4.98,,,,,ru,false,29
ZU1vF9G4TjB+iEZ001MU3g==,game 3,2022-08-01,23.1,2022-07-01,22.2,2022-10-01,2022-07-01,2022-09-01,,0.9,,,23.1,2022-09-01,ru,false,29
ZU1vF9G4TjB+iEZ001MU3g==,game 3,2022-10-01,16.11,2022-08-01,23.1,2022-12-01,2022-09-01,2022-11-01,,,,16.11,16.11,2022-11-01,ru,false,29
ZU1vF9G4TjB+iEZ001MU3g==,game 3,2022-12-01,12.69,2022-10-01,16.11,,2022-11-01,2023-01-01,,,,12.69,12.69,2023-01-01,ru,false,29
ZxxZ87IcpgSh4lQ/VSIjnA==,game 3,2022-04-01,42.18,,,2022-05-01,2022-03-01,2022-05-01,42.18,,,,,,uk,false,22
ZxxZ87IcpgSh4lQ/VSIjnA==,game 3,2022-05-01,38.76,2022-04-01,42.18,2022-06-01,2022-04-01,2022-06-01,,,3.42,,,,uk,false,22
ZxxZ87IcpgSh4lQ/VSIjnA==,game 3,2022-06-01,71.97,2022-05-01,38.76,2022-07-01,2022-05-01,2022-07-01,,33.21,,,,,uk,false,22
ZxxZ87IcpgSh4lQ/VSIjnA==,game 3,2022-07-01,71.58,2022-06-01,71.97,2022-11-01,2022-06-01,2022-08-01,,,0.39,,71.58,2022-08-01,uk,false,22
ZxxZ87IcpgSh4lQ/VSIjnA==,game 3,2022-11-01,63.21,2022-07-01,71.58,2022-12-01,2022-10-01,2022-12-01,,,,63.21,,,uk,false,22
ZxxZ87IcpgSh4lQ/VSIjnA==,game 3,2022-12-01,50.70,2022-11-01,63.21,,2022-11-01,2023-01-01,,,12.51,,50.70,2023-01-01,uk,false,22
